date,adjclose,net returns,rolling variance
2006-10-20,103.6133499,,
2006-10-23,104.112442,0.004816871,
2006-10-24,104.4376373,0.003123501,
2006-10-25,104.8308182,0.003764743,
2006-10-26,105.0727768,0.002308087,
2006-10-27,104.4981155,-0.005469174,
2006-10-30,104.3922348,-0.001013231,
2006-10-31,104.3846588,-7.25723E-05,
2006-11-01,103.6284714,-0.007244239,
2006-11-02,103.5150452,-0.001094547,
2006-11-03,103.3713379,-0.001388274,
2006-11-06,104.5887985,0.011777545,
2006-11-07,104.974472,0.003687522,
2006-11-08,105.1559677,0.001728951,
2006-11-09,104.6266251,-0.005033881,
2006-11-10,104.7476349,0.001156587,
2006-11-13,104.974472,0.002165559,
2006-11-14,105.7306824,0.007203755,
2006-11-15,106.010437,0.002645917,
2006-11-16,106.3205185,0.002925009,
2006-11-17,106.3507767,0.000284594,
2006-11-20,106.4187927,0.000639544,
2006-11-21,106.5095673,0.000852993,
2006-11-22,106.7212982,0.001987906,
2006-11-24,106.2827148,-0.004109614,
2006-11-27,104.8232422,-0.013731985,
2006-11-28,105.2618637,0.004184392,
2006-11-29,106.3507767,0.0103448,
2006-11-30,106.4339447,0.000782016,
2006-12-01,106.1843872,-0.002344717,
2006-12-04,107.0237961,0.007905201,
2006-12-05,107.462326,0.0040975,
2006-12-06,107.3867569,-0.000703215,
2006-12-07,106.9632797,-0.003943477,
2006-12-08,107.0842896,0.001131321,
2006-12-11,107.4472275,0.003389273,
2006-12-12,107.288414,-0.00147806,
2006-12-13,107.4548187,0.001551004,
2006-12-14,108.3092957,0.007951965,
2006-12-15,108.3244247,0.000139684,
2006-12-18,108.1051102,-0.002024609,
2006-12-19,108.2336807,0.001189311,
2006-12-20,108.2714691,0.000349137,
2006-12-21,107.88237,-0.003593736,
2006-12-22,107.152832,-0.006762346,
2006-12-26,107.8368149,0.006383246,
2006-12-27,108.4675064,0.005848573,
2006-12-28,108.2927628,-0.001611023,
2006-12-29,107.9127731,-0.003508911,
2007-01-03,107.6240234,-0.002675769,
2007-01-04,107.9127731,0.002682948,
2007-01-05,107.0844269,-0.007676072,
2007-01-08,107.5327988,0.004187088,
2007-01-09,107.4416046,-0.000848059,
2007-01-10,107.7303925,0.002687859,
2007-01-11,108.2927628,0.005220164,
2007-01-12,109.1059494,0.00750915,
2007-01-16,108.8855133,-0.002020386,
2007-01-17,108.8855133,0,
2007-01-18,108.5587463,-0.003001014,
2007-01-19,108.8399734,0.002590552,
2007-01-22,108.4523239,-0.003561647,
2007-01-23,108.8247452,0.003433963,
2007-01-24,109.5998306,0.007122327,
2007-01-25,108.4067535,-0.010885757,
2007-01-26,108.2699509,-0.001261939,
2007-01-29,108.193985,-0.000701634,
2007-01-30,108.7335587,0.004987095,
2007-01-31,109.4554367,0.006638963,
2007-02-01,110.1242371,0.006110252,
2007-02-02,110.2458267,0.001104114,
2007-02-05,110.4206543,0.001585798,
2007-02-06,110.299057,-0.001101219,
2007-02-07,110.5726166,0.002480162,
2007-02-08,110.3750458,-0.001786797,
2007-02-09,109.6226578,-0.006816649,
2007-02-12,109.2807236,-0.003119193,
2007-02-13,110.1166382,0.007649241,
2007-02-14,110.846199,0.006625346,
2007-02-15,111.0286026,0.001645555,
2007-02-16,111.0665512,0.000341791,
2007-02-20,111.2261658,0.001437107,
2007-02-21,111.1425476,-0.000751785,
2007-02-22,111.0437698,-0.000888748,
2007-02-23,110.6942062,-0.00314798,
2007-02-26,110.5953903,-0.000892693,
2007-02-27,106.2484894,-0.03930454,
2007-02-28,107.3808365,0.010657536,
2007-03-01,107.0008621,-0.003538568,
2007-03-02,105.6861649,-0.012286791,
2007-03-05,104.5766068,-0.010498613,
2007-03-06,106.4156647,0.017585749,
2007-03-07,106.2029114,-0.001999267,
2007-03-08,107.152832,0.008944394,
2007-03-09,107.152832,0,
2007-03-12,107.3960419,0.002269747,
2007-03-13,105.3061752,-0.019459438,
2007-03-14,106.1193161,0.007721683,
2007-03-15,106.2029114,0.000787748,
2007-03-16,105.8837357,-0.003005339,
2007-03-19,107.1756287,0.012201052,
2007-03-20,107.7607803,0.005459746,
2007-03-21,109.5239029,0.016361449,
2007-03-22,109.5239029,0,
2007-03-23,109.6758728,0.00138755,
2007-03-26,109.4781494,-0.001802797,
2007-03-27,109.14991,-0.002998219,
2007-03-28,108.4247589,-0.006643625,
2007-03-29,108.5316315,0.000985684,
2007-03-30,108.6537933,0.001125588,
2007-04-02,108.6995621,0.000421235,
2007-04-03,109.8903732,0.010955069,
2007-04-04,109.9208679,0.000277501,
2007-04-05,110.3330765,0.003750048,
2007-04-09,110.47052,0.001245715,
2007-04-10,110.5926437,0.001105487,
2007-04-11,110.035408,-0.005038633,
2007-04-12,110.6842346,0.005896526,
2007-04-13,111.050621,0.003310195,
2007-04-16,112.1574783,0.009967142,
2007-04-17,112.4170227,0.002314107,
2007-04-18,112.6689224,0.002240761,
2007-04-19,112.5773087,-0.000813124,
2007-04-20,113.569664,0.008814879,
2007-04-23,113.1727448,-0.003494941,
2007-04-24,113.2795792,0.000943994,
2007-04-25,114.2795868,0.008827784,
2007-04-26,114.4093552,0.001135534,
2007-04-27,114.3941193,-0.00013317,
2007-04-30,113.3406754,-0.009208899,
2007-05-01,113.6230927,0.002491756,
2007-05-02,114.3787613,0.006650661,
2007-05-03,114.8749619,0.004338223,
2007-05-04,115.409317,0.004651624,
2007-05-07,115.4245529,0.000132016,
2007-05-08,115.2260666,-0.00171962,
2007-05-09,115.6001282,0.003246328,
2007-05-10,114.2948303,-0.011291491,
2007-05-11,115.3329926,0.009083195,
2007-05-14,115.1268768,-0.001787136,
2007-05-15,115.0581741,-0.000596756,
2007-05-16,115.9207077,0.0074965,
2007-05-17,115.6687775,-0.002173298,
2007-05-18,116.6459503,0.008448026,
2007-05-21,116.6459503,0,
2007-05-22,116.4474487,-0.001701744,
2007-05-23,116.5161667,0.00059012,
2007-05-24,115.5238266,-0.008516759,
2007-05-25,116.0123672,0.004228917,
2007-05-29,116.4245453,0.00355288,
2007-05-30,117.3024216,0.007540302,
2007-05-31,117.2108154,-0.00078094,
2007-06-01,117.7145767,0.004297908,
2007-06-04,117.8061905,0.00077827,
2007-06-05,117.3863144,-0.003564126,
2007-06-06,116.1268692,-0.010729063,
2007-06-07,113.9971085,-0.018339948,
2007-06-08,115.4703827,0.012923786,
2007-06-11,115.6611633,0.001652204,
2007-06-12,114.3635712,-0.01121891,
2007-06-13,116.1344833,0.015484932,
2007-06-14,116.8367844,0.006047308,
2007-06-15,117.4550934,0.005292075,
2007-06-18,117.3939896,-0.000520231,
2007-06-19,117.5924683,0.001690706,
2007-06-20,115.9131165,-0.014281117,
2007-06-21,116.6077652,0.00599284,
2007-06-22,115.3940659,-0.010408392,
2007-06-25,115.0963821,-0.002579714,
2007-06-26,113.9131775,-0.01028012,
2007-06-27,115.5543671,0.014407372,
2007-06-28,115.4933167,-0.000528326,
2007-06-29,115.3989868,-0.000816756,
2007-07-02,116.5643692,0.010098723,
2007-07-03,117.0320892,0.004012547,
2007-07-05,116.924736,-0.000917297,
2007-07-06,117.4998322,0.004918516,
2007-07-09,117.461441,-0.000326733,
2007-07-10,115.8129807,-0.014034056,
2007-07-11,116.7330322,0.007944287,
2007-07-12,118.7188492,0.017011611,
2007-07-13,118.9182205,0.001679357,
2007-07-16,118.8799057,-0.000322195,
2007-07-17,118.7878952,-0.000773979,
2007-07-18,118.6268539,-0.001355704,
2007-07-19,119.0102539,0.003231983,
2007-07-20,117.9214783,-0.009148587,
2007-07-23,118.3431549,0.00357591,
2007-07-24,116.196373,-0.018140313,
2007-07-25,116.4110947,0.001847921,
2007-07-26,113.804184,-0.022394006,
2007-07-27,111.5040665,-0.020211186,
2007-07-30,113.2137985,0.015333361,
2007-07-31,111.7187271,-0.013205735,
2007-08-01,112.3320999,0.005490331,
2007-08-02,113.2444916,0.00812227,
2007-08-03,110.3309708,-0.025727704,
2007-08-06,112.2247467,0.0171645,
2007-08-07,113.3824768,0.010316175,
2007-08-08,115.0232849,0.014471443,
2007-08-09,111.5960312,-0.029796173,
2007-08-10,111.0746231,-0.004672282,
2007-08-13,111.5346832,0.004141901,
2007-08-14,109.9475784,-0.014229697,
2007-08-15,108.2991638,-0.014992732,
2007-08-16,109.2959061,0.009203601,
2007-08-17,111.1743546,0.017186815,
2007-08-20,111.0363693,-0.001241161,
2007-08-21,111.1436615,0.00096628,
2007-08-22,112.6311188,0.013383195,
2007-08-23,112.4777679,-0.001361532,
2007-08-24,113.896225,0.012610999,
2007-08-27,112.7460861,-0.01009813,
2007-08-28,110.3922882,-0.020876981,
2007-08-29,112.6694717,0.020628103,
2007-08-30,112.2170715,-0.004015286,
2007-08-31,113.1831436,0.008608958,
2007-09-04,114.6245575,0.012735235,
2007-09-05,113.5205612,-0.009631411,
2007-09-06,113.8195114,0.002633445,
2007-09-07,112.2476959,-0.013809719,
2007-09-10,111.8643799,-0.003414912,
2007-09-11,113.2521362,0.012405704,
2007-09-12,113.5128403,0.002301979,
2007-09-13,114.3255768,0.007159864,
2007-09-14,114.3792419,0.000469406,
2007-09-17,113.7428436,-0.005563932,
2007-09-18,116.9630814,0.028311563,
2007-09-19,117.6530991,0.005899449,
2007-09-20,117.0780945,-0.004887288,
2007-09-21,117.1931,0.000982297,
2007-09-24,116.9937592,-0.00170096,
2007-09-25,116.8327103,-0.00137656,
2007-09-26,117.4928207,0.005650048,
2007-09-27,118.1320724,0.005440773,
2007-09-28,117.8163071,-0.002672986,
2007-10-01,119.0100632,0.01013235,
2007-10-02,118.9330521,-0.000647097,
2007-10-03,118.6866226,-0.002072001,
2007-10-04,118.7867661,0.000843763,
2007-10-05,120.2577744,0.012383604,
2007-10-08,119.5877457,-0.005571604,
2007-10-09,120.7584457,0.009789465,
2007-10-10,120.5042496,-0.002104997,
2007-10-11,119.9959259,-0.004218305,
2007-10-12,120.6891098,0.005776729,
2007-10-15,119.5722733,-0.00925383,
2007-10-16,118.7173767,-0.007149622,
2007-10-17,119.0947876,0.00317907,
2007-10-18,118.5787888,-0.004332674,
2007-10-19,115.7213287,-0.024097565,
2007-10-22,116.1449738,0.003660907,
2007-10-23,117.1385422,0.008554554,
2007-10-24,116.8458252,-0.002498896,
2007-10-25,117.2463379,0.003427702,
2007-10-26,118.5325623,0.010970273,
2007-10-29,118.9176788,0.003249036,
2007-10-30,118.0088348,-0.007642631,
2007-10-31,119.4798965,0.012465691,
2007-11-01,116.5300522,-0.024689043,
2007-11-02,116.6378937,0.000925439,
2007-11-05,115.6982956,-0.008055685,
2007-11-06,117.3387527,0.01417875,
2007-11-07,114.1963577,-0.026780539,
2007-11-08,113.5186157,-0.005934883,
2007-11-09,111.9628372,-0.013705052,
2007-11-12,110.9230576,-0.009286828,
2007-11-13,114.165596,0.029232321,
2007-11-14,113.8113022,-0.003103333,
2007-11-15,112.2016144,-0.014143479,
2007-11-16,112.602066,0.003569037,
2007-11-19,110.9384766,-0.014774058,
2007-11-20,111.5238113,0.005276211,
2007-11-21,109.2594223,-0.020304086,
2007-11-23,111.1926117,0.017693571,
2007-11-26,108.6817856,-0.022580872,
2007-11-27,110.1220245,0.013251889,
2007-11-28,113.5263138,0.030913791,
2007-11-29,113.5879211,0.00054267,
2007-11-30,114.5660629,0.008611319,
2007-12-03,113.8035736,-0.006655455,
2007-12-04,112.8793335,-0.008121363,
2007-12-05,114.9049911,0.017945337,
2007-12-06,116.4376678,0.013338643,
2007-12-07,116.3220673,-0.000992811,
2007-12-10,117.3850098,0.009137927,
2007-12-11,114.2888184,-0.026376378,
2007-12-12,115.0051041,0.00626733,
2007-12-13,115.1514359,0.001272394,
2007-12-14,113.4493256,-0.014781494,
2007-12-17,111.9243164,-0.013442206,
2007-12-18,112.6328812,0.006330749,
2007-12-19,112.5019531,-0.001162432,
2007-12-20,113.2952423,0.007051337,
2007-12-21,114.7893982,0.013188161,
2007-12-24,115.6520538,0.007515116,
2007-12-26,116.0448151,0.003396059,
2007-12-27,114.6959991,-0.011623233,
2007-12-28,114.285675,-0.003577493,
2007-12-31,113.6197357,-0.005826971,
2008-01-02,112.2028046,-0.012470819,
2008-01-03,112.0556946,-0.001311108,
2008-01-04,109.330162,-0.024323017,
2008-01-07,109.8179779,0.00446186,
2008-01-08,107.7893448,-0.018472687,
2008-01-09,109.2140503,0.013217499,
2008-01-10,109.9806366,0.007019118,
2008-01-11,108.6487961,-0.012109773,
2008-01-14,109.7560501,0.01019113,
2008-01-15,107.0382538,-0.024762155,
2008-01-16,106.3568497,-0.006365987,
2008-01-17,103.3680954,-0.028101192,
2008-01-18,102.8183899,-0.005317942,
2008-01-22,101.594986,-0.011898688,
2008-01-23,103.8017426,0.021721117,
2008-01-24,104.6998978,0.008652602,
2008-01-25,103.1435852,-0.014864509,
2008-01-28,104.9554291,0.017566229,
2008-01-29,105.5129166,0.005311659,
2008-01-30,104.9864044,-0.004990026,
2008-01-31,106.4962463,0.014381309,
2008-02-01,108.1687164,0.015704498,
2008-02-04,107.0847168,-0.010021378,
2008-02-05,103.763031,-0.031019233,
2008-02-06,102.9654617,-0.007686449,
2008-02-07,103.7397995,0.007520364,
2008-02-08,103.2751999,-0.004478509,
2008-02-11,103.8869019,0.005923029,
2008-02-12,104.6921692,0.007751385,
2008-02-13,105.9929581,0.012424892,
2008-02-14,104.7076492,-0.012126361,
2008-02-15,104.7618408,0.000517551,
2008-02-19,104.769577,7.38456E-05,
2008-02-20,105.5826187,0.007760284,
2008-02-21,104.366951,-0.0115139,
2008-02-22,105.2418976,0.008383368,
2008-02-25,106.5349884,0.012286844,
2008-02-26,107.3170242,0.007340648,
2008-02-27,107.1544037,-0.001515328,
2008-02-28,106.2252731,-0.008670951,
2008-02-29,103.5616913,-0.025074841,
2008-03-03,103.5229874,-0.000373728,
2008-03-04,103.0971069,-0.004113873,
2008-03-05,103.9023895,0.007810914,
2008-03-06,101.4633484,-0.023474351,
2008-03-07,100.6503448,-0.008012781,
2008-03-10,99.21018982,-0.014308496,
2008-03-11,102.6790161,0.034964415,
2008-03-12,101.858223,-0.007993777,
2008-03-13,102.3150787,0.004485212,
2008-03-14,100.2554321,-0.020130431,
2008-03-17,99.23340607,-0.010194221,
2008-03-18,103.4609985,0.042602513,
2008-03-19,101.0916977,-0.022900425,
2008-03-20,103.2442398,0.021292966,
2008-03-24,104.994133,0.016949064,
2008-03-25,105.3124161,0.003031437,
2008-03-26,103.8571091,-0.01381895,
2008-03-27,103.3123474,-0.0052453,
2008-03-28,102.4328995,-0.008512515,
2008-03-31,102.9076462,0.004634709,
2008-04-01,106.6977234,0.036829889,
2008-04-02,106.4798355,-0.002042104,
2008-04-03,106.6276779,0.001388455,
2008-04-04,106.7833252,0.001459727,
2008-04-07,106.8066711,0.000218629,
2008-04-08,106.4331055,-0.003497587,
2008-04-09,105.5692444,-0.00811647,
2008-04-10,105.9661636,0.0037598,
2008-04-11,103.9115524,-0.019389314,
2008-04-14,103.506897,-0.00389423,
2008-04-15,104.0672379,0.005413561,
2008-04-16,106.1685104,0.02019149,
2008-04-17,106.3319321,0.001539266,
2008-04-18,108.3242416,0.018736701,
2008-04-21,108.1374893,-0.001724012,
2008-04-22,107.3358994,-0.007412693,
2008-04-23,107.4759903,0.001305164,
2008-04-24,108.1530304,0.006299454,
2008-04-25,108.9313049,0.007196049,
2008-04-28,108.822319,-0.001000501,
2008-04-29,108.3553925,-0.004290724,
2008-04-30,107.8728638,-0.004453204,
2008-05-01,109.8495941,0.01832463,
2008-05-02,110.1842728,0.003046699,
2008-05-05,109.6628571,-0.004732215,
2008-05-06,110.5889359,0.008444781,
2008-05-07,108.5888214,-0.018086027,
2008-05-08,109.0169067,0.00394226,
2008-05-09,108.2620087,-0.006924596,
2008-05-12,109.4760284,0.011213719,
2008-05-13,109.4215927,-0.000497239,
2008-05-14,109.8573914,0.003982748,
2008-05-15,111.1259232,0.011547077,
2008-05-16,111.164856,0.000350348,
2008-05-19,111.3671875,0.001820103,
2008-05-20,110.4410477,-0.008316092,
2008-05-21,108.6122055,-0.016559442,
2008-05-22,108.7523193,0.001290038,
2008-05-23,107.4448471,-0.012022477,
2008-05-27,108.1530304,0.006591133,
2008-05-28,108.6822662,0.004893398,
2008-05-29,109.1725159,0.004510852,
2008-05-30,109.2581329,0.000784236,
2008-06-02,108.1919403,-0.009758474,
2008-06-03,107.6393738,-0.00510728,
2008-06-04,107.6393738,0,
2008-06-05,109.5928116,0.018147986,
2008-06-06,106.2774429,-0.030251698,
2008-06-09,106.4798355,0.001904379,
2008-06-10,106.0751038,-0.003801018,
2008-06-11,104.2306366,-0.017388314,
2008-06-12,104.7365494,0.004853782,
2008-06-13,106.3241272,0.015157821,
2008-06-16,106.3007965,-0.00021943,
2008-06-17,105.5381546,-0.007174376,
2008-06-18,104.682045,-0.008111849,
2008-06-19,104.9933548,0.002973861,
2008-06-20,103.1177673,-0.017863868,
2008-06-23,103.102211,-0.00015086,
2008-06-24,102.7988358,-0.002942471,
2008-06-25,103.4087524,0.005933109,
2008-06-26,100.3512268,-0.029567378,
2008-06-27,100.1400604,-0.002104273,
2008-06-30,100.0931625,-0.000468323,
2008-07-01,100.5388947,0.004453172,
2008-07-02,98.7325058,-0.017967065,
2008-07-03,98.78721619,0.000554127,
2008-07-07,97.97399902,-0.008232008,
2008-07-08,99.69432831,0.017559039,
2008-07-09,97.49698639,-0.022040792,
2008-07-10,98.23205566,0.007539405,
2008-07-11,97.16856384,-0.010826322,
2008-07-14,96.26147461,-0.009335213,
2008-07-15,95.10414124,-0.01202281,
2008-07-16,97.45789337,0.024749208,
2008-07-17,98.65432739,0.01227642,
2008-07-18,98.5761261,-0.00079268,
2008-07-21,98.70123291,0.001269139,
2008-07-22,99.97585297,0.012913922,
2008-07-23,100.4294205,0.004536771,
2008-07-24,98.25551605,-0.021646091,
2008-07-25,98.44319916,0.001910153,
2008-07-28,96.8557663,-0.016125368,
2008-07-29,98.88892365,0.020991598,
2008-07-30,100.6092606,0.017396659,
2008-07-31,99.35029602,-0.012513406,
2008-08-01,98.77941895,-0.005746103,
2008-08-04,97.85668182,-0.00934139,
2008-08-05,100.6014252,0.028048604,
2008-08-06,101.1331711,0.00528567,
2008-08-07,99.42848206,-0.016855884,
2008-08-08,101.5319901,0.02115599,
2008-08-11,102.3452301,0.008009693,
2008-08-12,101.2817688,-0.010390922,
2008-08-13,100.9142227,-0.003628946,
2008-08-14,101.4694443,0.005501916,
2008-08-15,101.8838806,0.004084346,
2008-08-18,100.5154266,-0.013431506,
2008-08-19,99.50670624,-0.010035478,
2008-08-20,100.061882,0.00557928,
2008-08-21,100.2651901,0.002031824,
2008-08-22,101.453804,0.011854701,
2008-08-25,99.58488464,-0.018421383,
2008-08-26,99.81163788,0.002276984,
2008-08-27,100.6561737,0.008461296,
2008-08-28,102.0872269,0.014217242,
2008-08-29,100.8282166,-0.012332692,
2008-09-02,100.3668518,-0.00457575,
2008-09-03,100.296463,-0.000701315,
2008-09-04,97.1920166,-0.030952701,
2008-09-05,97.66121674,0.004827558,
2008-09-08,99.67088318,0.020577938,
2008-09-09,96.29273987,-0.033892981,
2008-09-10,96.79322815,0.00519757,
2008-09-11,98.26332092,0.015187971,
2008-09-12,98.49794769,0.002387735,
2008-09-15,94.24396515,-0.04318854,
2008-09-16,95.43257904,0.012612096,
2008-09-17,91.10040283,-0.04539515,
2008-09-18,94.44728088,0.036738345,
2008-09-19,98.49794769,0.042888125,
2008-09-22,95.09632874,-0.034534922,
2008-09-23,93.38378143,-0.018008553,
2008-09-24,93.36815643,-0.00016732,
2008-09-25,95.27843475,0.020459634,
2008-09-26,95.44360352,0.001733538,
2008-09-29,88.35768127,-0.074241981,
2008-09-30,91.87311554,0.039786402,
2008-10-01,91.14955139,-0.00787569,
2008-10-02,87.79141235,-0.03684208,
2008-10-03,86.70614624,-0.012361871,
2008-10-06,83.82772064,-0.03319748,
2008-10-07,78.95957947,-0.058073166,
2008-10-08,77.37095642,-0.020119447,
2008-10-09,72.26691437,-0.06596845,
2008-10-10,71.96020508,-0.004244118,
2008-10-13,79.360672,0.102841104,
2008-10-14,78.60569,-0.009513301,
2008-10-15,71.40179443,-0.091645981,
2008-10-16,74.48467255,0.043176479,
2008-10-17,74.09145355,-0.005279193,
2008-10-20,77.66195679,0.048190487,
2008-10-21,75.16101837,-0.032202877,
2008-10-22,71.04790497,-0.054724024,
2008-10-23,71.64559937,0.008412555,
2008-10-24,68.91663361,-0.038089789,
2008-10-27,66.67523956,-0.032523267,
2008-10-28,74.07575989,0.110993532,
2008-10-29,72.58146667,-0.020172499,
2008-10-30,75.2396698,0.036623717,
2008-10-31,76.59238434,0.017978741,
2008-11-03,76.28565216,-0.004004735,
2008-11-04,79.15621185,0.03762909,
2008-11-05,75.38910675,-0.04759077,
2008-11-06,71.4883194,-0.051742056,
2008-11-07,73.32858276,0.025742155,
2008-11-10,72.72303772,-0.008257967,
2008-11-11,70.92995453,-0.02465633,
2008-11-12,67.4852829,-0.048564413,
2008-11-13,72.08599091,0.068173501,
2008-11-14,69.00312805,-0.042766463,
2008-11-17,67.21787262,-0.025872094,
2008-11-18,67.83132172,0.00912628,
2008-11-19,64.00128174,-0.05646418,
2008-11-20,59.76234818,-0.06623201,
2008-11-21,63.28565598,0.058955311,
2008-11-24,66.76173401,0.054926792,
2008-11-25,67.83920288,0.016139019,
2008-11-26,70.16708374,0.034314685,
2008-11-28,70.87487793,0.010087268,
2008-12-01,64.67767334,-0.087438663,
2008-12-02,67.22576904,0.039396836,
2008-12-03,68.94809723,0.025620059,
2008-12-04,66.90331268,-0.029656867,
2008-12-05,69.37276459,0.036910757,
2008-12-08,71.81863403,0.035256912,
2008-12-09,70.49739075,-0.018396943,
2008-12-10,71.22092438,0.010263268,
2008-12-11,69.37276459,-0.025949674,
2008-12-12,69.73451996,0.00521466,
2008-12-15,68.98744202,-0.010713173,
2008-12-16,72.39273071,0.049360994,
2008-12-17,71.67704773,-0.009886117,
2008-12-18,70.36368561,-0.018323329,
2008-12-19,70.17492676,-0.002682617,
2008-12-22,69.23907471,-0.013335989,
2008-12-23,68.39759064,-0.012153312,
2008-12-24,68.82709503,0.006279525,
2008-12-26,69.26296234,0.006332787,
2008-12-29,69.14407349,-0.001716485,
2008-12-30,70.64186859,0.021661945,
2008-12-31,71.56908417,0.013125581,
2009-01-02,73.90692139,0.032665462,
2009-01-05,73.71670532,-0.002573725,
2009-01-06,74.18427277,0.006342761,
2009-01-07,72.00494385,-0.029377236,
2009-01-08,72.32192993,0.004402282,
2009-01-09,70.73697662,-0.021915252,
2009-01-12,69.11238098,-0.02296671,
2009-01-13,69.16786194,0.000802764,
2009-01-14,66.98062134,-0.031622209,
2009-01-15,67.12325287,0.002129445,
2009-01-16,67.54327393,0.00625746,
2009-01-20,63.98503494,-0.052680878,
2009-01-21,66.76667023,0.043473217,
2009-01-22,65.79185486,-0.014600329,
2009-01-23,65.95040131,0.002409819,
2009-01-26,66.48927307,0.008170864,
2009-01-27,67.15497589,0.010012184,
2009-01-28,69.38973999,0.033277714,
2009-01-29,67.1470108,-0.032320761,
2009-01-30,65.75225067,-0.020771738,
2009-02-02,65.55414581,-0.003012899,
2009-02-03,66.51305389,0.014627726,
2009-02-04,66.20398712,-0.004646708,
2009-02-05,67.2104187,0.015201978,
2009-02-06,69.08860016,0.027944796,
2009-02-09,69.24708557,0.002293944,
2009-02-10,65.95830536,-0.04749341,
2009-02-11,66.40211487,0.006728637,
2009-02-12,66.51305389,0.001670715,
2009-02-13,65.76811218,-0.011199932,
2009-02-17,62.88346863,-0.043860823,
2009-02-18,62.78837585,-0.001512206,
2009-02-19,62.13855362,-0.010349403,
2009-02-20,61.52039337,-0.009948095,
2009-02-23,59.37277603,-0.034909031,
2009-02-24,61.57585526,0.037105882,
2009-02-25,60.99737549,-0.009394588,
2009-02-26,60.0542984,-0.015460945,
2009-02-27,58.81010818,-0.020717755,
2009-03-02,56.09981918,-0.046085428,
2009-03-03,55.61642075,-0.008616756,
2009-03-04,57.01909637,0.02522053,
2009-03-05,54.64958954,-0.041556373,
2009-03-06,54.6416626,-0.00014505,
2009-03-09,54.03936768,-0.011022632,
2009-03-10,57.35194778,0.061299387,
2009-03-11,57.62934875,0.004836819,
2009-03-12,59.96712875,0.040565789,
2009-03-13,60.45056152,0.008061629,
2009-03-16,60.29997635,-0.002491047,
2009-03-17,62.1068306,0.029964427,
2009-03-18,63.37483978,0.020416582,
2009-03-19,62.66947556,-0.011130036,
2009-03-20,61.33816528,-0.021243361,
2009-03-23,65.80773163,0.072867624,
2009-03-24,64.54767609,-0.01914753,
2009-03-25,65.08792114,0.008369706,
2009-03-26,66.46832275,0.021208261,
2009-03-27,65.27142334,-0.018007065,
2009-03-30,63.02920532,-0.034352216,
2009-03-31,63.53192902,0.007976044,
2009-04-01,64.84055328,0.020597899,
2009-04-02,66.73165131,0.029165359,
2009-04-03,67.38596344,0.009805124,
2009-04-06,66.82737732,-0.008289354,
2009-04-07,65.27142334,-0.023283182,
2009-04-08,65.98957062,0.011002476,
2009-04-09,68.62275696,0.039903068,
2009-04-13,68.70256042,0.00116293,
2009-04-14,67.48175049,-0.017769497,
2009-04-15,68.2078476,0.010759903,
2009-04-16,69.23719788,0.015091376,
2009-04-17,69.64412689,0.005877318,
2009-04-20,66.77952576,-0.041131984,
2009-04-21,68.08017731,0.019476801,
2009-04-22,67.64129639,-0.00644653,
2009-04-23,68.30358887,0.009791245,
2009-04-24,69.31697083,0.014836438,
2009-04-27,68.71052551,-0.008748872,
2009-04-28,68.48711395,-0.00325149,
2009-04-29,69.89946747,0.020622179,
2009-04-30,69.97129059,0.00102752,
2009-05-01,70.31440735,0.004903679,
2009-05-04,72.73213959,0.034384592,
2009-05-05,72.42893219,-0.004168823,
2009-05-06,73.68170166,0.017296534,
2009-05-07,72.64439392,-0.014078227,
2009-05-08,74.39188385,0.0240554,
2009-05-11,72.93960571,-0.019521997,
2009-05-12,72.80393982,-0.001859976,
2009-05-13,71.04850006,-0.024111879,
2009-05-14,71.53522491,0.0068506,
2009-05-15,70.96871948,-0.007919251,
2009-05-18,72.96356201,0.028108758,
2009-05-19,72.87579346,-0.001202909,
2009-05-20,72.42095947,-0.006241222,
2009-05-21,71.33574677,-0.014984788,
2009-05-22,71.19211578,-0.00201345,
2009-05-26,73.09120941,0.026675617,
2009-05-27,71.72673798,-0.018668065,
2009-05-28,72.71620941,0.013795015,
2009-05-29,74.05671692,0.018434783,
2009-06-01,75.8201828,0.023812369,
2009-06-02,75.91592407,0.001262741,
2009-06-03,74.9584198,-0.012612693,
2009-06-04,75.66057587,0.009367274,
2009-06-05,75.69249725,0.000421903,
2009-06-08,75.38930511,-0.004005577,
2009-06-09,75.74041748,0.004657323,
2009-06-10,75.5329361,-0.002739375,
2009-06-11,75.86803436,0.004436452,
2009-06-12,76.11541748,0.003260703,
2009-06-15,74.35197449,-0.023168013,
2009-06-16,73.3625412,-0.013307425,
2009-06-17,73.22686768,-0.001849357,
2009-06-18,73.65777588,0.005884564,
2009-06-19,74.0806427,0.005740966,
2009-06-22,71.83843231,-0.030267156,
2009-06-23,71.91065216,0.001005309,
2009-06-24,72.51233673,0.008367113,
2009-06-25,74.05258942,0.02124125,
2009-06-26,73.81194305,-0.003249668,
2009-06-29,74.59007263,0.010542055,
2009-06-30,74.08467865,-0.00677562,
2009-07-01,74.30928802,0.003031793,
2009-07-02,72.2556076,-0.027636928,
2009-07-06,72.27967072,0.000333028,
2009-07-07,70.85978699,-0.019644303,
2009-07-08,70.8276825,-0.000453071,
2009-07-09,71.00416565,0.002491726,
2009-07-10,70.79556274,-0.002937897,
2009-07-13,72.51233673,0.02424974,
2009-07-14,72.96959686,0.006305963,
2009-07-15,75.0874176,0.029023331,
2009-07-16,75.76128387,0.008974423,
2009-07-17,75.79338074,0.000423658,
2009-07-20,76.47528076,0.008996828,
2009-07-21,76.84429169,0.004825231,
2009-07-22,76.88439941,0.000521935,
2009-07-23,78.5851059,0.022120307,
2009-07-24,78.93006134,0.004389578,
2009-07-27,79.15466309,0.002845579,
2009-07-28,78.94610596,-0.002634805,
2009-07-29,78.56105042,-0.004877448,
2009-07-30,79.37928772,0.010415305,
2009-07-31,79.55579376,0.002223578,
2009-08-03,80.75907898,0.015125048,
2009-08-04,81.00777435,0.003079473,
2009-08-05,80.77514648,-0.002871673,
2009-08-06,80.40613556,-0.004568372,
2009-08-07,81.41692352,0.01257103,
2009-08-10,81.29657745,-0.001478146,
2009-08-11,80.22161102,-0.013222776,
2009-08-12,81.12010956,0.011200206,
2009-08-13,81.72978973,0.007515771,
2009-08-14,81.06394196,-0.008146941,
2009-08-17,79.07445526,-0.02454219,
2009-08-18,79.83655548,0.009637755,
2009-08-19,80.4622879,0.007837668,
2009-08-20,81.2725296,0.010069832,
2009-08-21,82.85289001,0.019445198,
2009-08-24,82.84487152,-9.67799E-05,
2009-08-25,83.02939606,0.00222735,
2009-08-26,82.99729919,-0.000386572,
2009-08-27,83.2539978,0.003092855,
2009-08-28,83.21390533,-0.000481568,
2009-08-31,82.46782684,-0.008965791,
2009-09-01,80.6227417,-0.022373394,
2009-09-02,80.30986786,-0.003880714,
2009-09-03,80.95964813,0.008090914,
2009-09-04,82.11488342,0.014269273,
2009-09-08,82.84487152,0.008889839,
2009-09-09,83.4786377,0.007650035,
2009-09-10,84.30490112,0.009897903,
2009-09-11,84.34501648,0.000475837,
2009-09-14,84.80226898,0.005421215,
2009-09-15,85.06700897,0.00312185,
2009-09-16,86.36658478,0.015277084,
2009-09-17,86.26232147,-0.001207218,
2009-09-18,86.31845856,0.000650772,
2009-09-21,86.06977844,-0.002880961,
2009-09-22,86.59121704,0.006058324,
2009-09-23,85.90195465,-0.007959957,
2009-09-24,84.90233612,-0.011636738,
2009-09-25,84.53153992,-0.004367326,
2009-09-28,85.95031738,0.016784001,
2009-09-29,85.70848846,-0.00281359,
2009-09-30,85.45859528,-0.002915618,
2009-10-01,83.29010773,-0.025374716,
2009-10-02,82.91122437,-0.00454896,
2009-10-05,84.12041473,0.014584158,
2009-10-06,85.28929901,0.01389537,
2009-10-07,85.5391922,0.002929948,
2009-10-08,86.19219208,0.007633926,
2009-10-09,86.70006561,0.005892338,
2009-10-12,87.08698273,0.004462708,
2009-10-13,86.92578125,-0.00185104,
2009-10-14,88.43325043,0.017342026,
2009-10-15,88.73153687,0.003373012,
2009-10-16,88.07048035,-0.007450074,
2009-10-19,88.81209564,0.008420702,
2009-10-20,88.37679291,-0.00490139,
2009-10-21,87.51425171,-0.009759816,
2009-10-22,88.38487244,0.009948331,
2009-10-23,87.43361664,-0.010762654,
2009-10-26,86.40983582,-0.011709236,
2009-10-27,86.07125092,-0.003918361,
2009-10-28,84.45091248,-0.018825548,
2009-10-29,86.22439575,0.021000167,
2009-10-30,83.81407928,-0.027953997,
2009-11-02,84.34613037,0.006347992,
2009-11-03,84.620224,0.003249629,
2009-11-04,84.72499847,0.001238173,
2009-11-05,86.38565063,0.019600498,
2009-11-06,86.66779327,0.003266082,
2009-11-09,88.6105957,0.02241666,
2009-11-10,88.58643341,-0.000272679,
2009-11-11,89.06202698,0.005368695,
2009-11-12,88.16720581,-0.010047168,
2009-11-13,88.69120789,0.005943276,
2009-11-16,89.92459869,0.013906574,
2009-11-17,90.00518036,0.000896103,
2009-11-18,89.98104858,-0.000268115,
2009-11-19,88.77988434,-0.01334908,
2009-11-20,88.58643341,-0.002178995,
2009-11-23,89.67469025,0.01228469,
2009-11-24,89.71499634,0.00044947,
2009-11-25,90.05360413,0.003774261,
2009-11-27,88.65090179,-0.015576304,
2009-11-30,88.91690826,0.003000606,
2009-12-01,89.94877625,0.011604857,
2009-12-02,90.04549408,0.001075255,
2009-12-03,89.28772736,-0.008415376,
2009-12-04,89.7714386,0.005417444,
2009-12-07,89.6344223,-0.001526279,
2009-12-08,88.69120789,-0.010522904,
2009-12-09,88.95723724,0.002999501,
2009-12-10,89.48122406,0.005890323,
2009-12-11,89.86011505,0.004234307,
2009-12-14,90.47278595,0.006818052,
2009-12-15,90.03747559,-0.004811506,
2009-12-16,90.20674133,0.001879948,
2009-12-17,89.06202698,-0.012689898,
2009-12-18,89.62631226,0.006335868,
2009-12-21,90.45663452,0.009264269,
2009-12-22,90.81131744,0.003921027,
2009-12-23,91.03705597,0.002485797,
2009-12-24,91.521698,0.005323569,
2009-12-28,91.68378448,0.001771017,
2009-12-29,91.5622406,-0.001325686,
2009-12-30,91.48927307,-0.000796917,
2009-12-31,90.61400604,-0.009566881,
2010-01-04,92.10522461,0.016456822,
2010-01-05,92.37265015,0.002903478,
2010-01-06,92.44557953,0.000789513,
2010-01-07,92.85077667,0.004383088,
2010-01-08,93.16687012,0.003404317,
2010-01-11,93.29655457,0.001391959,
2010-01-12,92.43746948,-0.009208112,
2010-01-13,93.16687012,0.007890746,
2010-01-14,93.4424057,0.002957442,
2010-01-15,92.38884735,-0.011274949,
2010-01-19,93.53155518,0.012368461,
2010-01-20,92.60767365,-0.009877752,
2010-01-21,90.79232025,-0.019602624,
2010-01-22,88.83106995,-0.0216015,
2010-01-25,89.27683258,0.005018094,
2010-01-26,88.85539246,-0.004720599,
2010-01-27,89.30922699,0.005107563,
2010-01-28,88.23947144,-0.011978108,
2010-01-29,87.25072479,-0.011205265,
2010-02-01,88.62848663,0.015790835,
2010-02-02,89.73876953,0.012527382,
2010-02-03,89.28488922,-0.005057795,
2010-02-04,86.55376434,-0.030588881,
2010-02-05,86.74015045,0.002153414,
2010-02-08,86.0675354,-0.007754368,
2010-02-09,87.18592072,0.012994276,
2010-02-10,86.983284,-0.002324191,
2010-02-11,87.87476349,0.01024886,
2010-02-12,87.84235382,-0.000368817,
2010-02-16,89.22820282,0.015776547,
2010-02-17,89.62528229,0.004450157,
2010-02-18,90.19259644,0.006329845,
2010-02-19,90.37898254,0.002066534,
2010-02-22,90.3870697,8.94805E-05,
2010-02-23,89.25250244,-0.012552318,
2010-02-24,90.0710144,0.009170745,
2010-02-25,89.99807739,-0.000809772,
2010-02-26,89.99807739,0,
2010-03-01,90.94630432,0.01053608,
2010-03-02,91.18131256,0.002584033,
2010-03-03,91.31910706,0.001511214,
2010-03-04,91.57032776,0.00275102,
2010-03-05,92.89133453,0.014426144,
2010-03-08,92.9237442,0.000348899,
2010-03-09,93.02908325,0.001133607,
2010-03-10,93.4424057,0.004442938,
2010-03-11,93.8638382,0.004510078,
2010-03-12,93.85571289,-8.65648E-05,
2010-03-15,93.91246033,0.000604624,
2010-03-16,94.674263,0.008111838,
2010-03-17,95.20915985,0.005649865,
2010-03-18,95.16863251,-0.000425666,
2010-03-19,94.674263,-0.005194669,
2010-03-22,95.18482971,0.005392878,
2010-03-23,95.87374115,0.007237618,
2010-03-24,95.40367889,-0.00490293,
2010-03-25,95.23031616,-0.001817149,
2010-03-26,95.27098846,0.000427094,
2010-03-29,95.79999542,0.005552655,
2010-03-30,95.84883881,0.000509847,
2010-03-31,95.49885559,-0.003651408,
2010-04-01,96.20693207,0.007414502,
2010-04-05,96.98011017,0.008036615,
2010-04-06,97.16728973,0.001930082,
2010-04-07,96.65458679,-0.005276497,
2010-04-08,96.94756317,0.003031169,
2010-04-09,97.58236694,0.006547908,
2010-04-12,97.7695694,0.001918405,
2010-04-13,97.8591156,0.00091589,
2010-04-14,98.92523956,0.010894478,
2010-04-15,99.03105927,0.001069694,
2010-04-16,97.49285126,-0.015532582,
2010-04-19,97.81839752,0.003339181,
2010-04-20,98.70549011,0.00906877,
2010-04-21,98.52644348,-0.001813948,
2010-04-22,98.77875519,0.002560853,
2010-04-23,99.40543365,0.006344264,
2010-04-26,99.06360626,-0.003438719,
2010-04-27,96.74407959,-0.023414519,
2010-04-28,97.46840668,0.007487043,
2010-04-29,98.66481781,0.012274861,
2010-04-30,97.04521179,-0.016415233,
2010-05-03,98.28227997,0.012747339,
2010-05-04,96.00345612,-0.023186518,
2010-05-05,95.40932465,-0.006188647,
2010-05-06,92.12948608,-0.034376499,
2010-05-07,90.71336365,-0.015371001,
2010-05-10,94.82338715,0.045307806,
2010-05-11,94.53850555,-0.003004339,
2010-05-12,95.84883881,0.013860313,
2010-05-13,94.70942688,-0.011887592,
2010-05-14,93.00845337,-0.017959918,
2010-05-17,93.01657867,8.73609E-05,
2010-05-18,91.80395508,-0.013036639,
2010-05-19,91.26678467,-0.005851277,
2010-05-20,87.84038544,-0.037542675,
2010-05-21,89.03678131,0.013620112,
2010-05-24,87.9543457,-0.012157174,
2010-05-25,88.02758789,0.00083273,
2010-05-26,87.457901,-0.006471686,
2010-05-27,90.43659973,0.034058658,
2010-05-28,89.28096771,-0.012778367,
2010-06-01,87.76715088,-0.01695565,
2010-06-02,90.06227112,0.026150105,
2010-06-03,90.37152863,0.003433819,
2010-06-04,87.19745636,-0.035122481,
2010-06-07,86.14756775,-0.012040358,
2010-06-08,86.96955872,0.009541662,
2010-06-09,86.5300827,-0.005053217,
2010-06-10,89.15883636,0.03037965,
2010-06-11,89.51696014,0.004016694,
2010-06-14,89.42745209,-0.000999901,
2010-06-15,91.41327667,0.022205984,
2010-06-16,91.40512848,-8.91358E-05,
2010-06-17,91.56791687,0.001780955,
2010-06-18,91.64931488,0.000888936,
2010-06-21,91.37255096,-0.003019814,
2010-06-22,89.89948273,-0.016121562,
2010-06-23,89.58555603,-0.003491974,
2010-06-24,88.16304779,-0.015878768,
2010-06-25,88.51457977,0.003987294,
2010-06-28,88.19573975,-0.003602119,
2010-06-29,85.49788666,-0.030589381,
2010-06-30,84.58226776,-0.010709258,
2010-07-01,84.37787628,-0.002416481,
2010-07-02,83.87916565,-0.005910443,
2010-07-06,84.41056061,0.006335244,
2010-07-07,87.06757355,0.031477257,
2010-07-08,87.90960693,0.009671033,
2010-07-09,88.54728699,0.007253815,
2010-07-12,88.63721466,0.001015589,
2010-07-13,89.99430847,0.015310655,
2010-07-14,89.96162415,-0.000363182,
2010-07-15,90.01066589,0.000545141,
2010-07-16,87.51717377,-0.027702185,
2010-07-19,88.0567627,0.00616552,
2010-07-20,88.99694061,0.010676953,
2010-07-21,87.87693787,-0.012584733,
2010-07-22,89.7980957,0.021861911,
2010-07-23,90.56659698,0.008558102,
2010-07-26,91.54764557,0.010832345,
2010-07-27,91.50673676,-0.000446858,
2010-07-28,90.90995026,-0.006521777,
2010-07-29,90.46850586,-0.004855842,
2010-07-30,90.49301147,0.000270875,
2010-08-02,92.48778534,0.022043402,
2010-08-03,92.03816223,-0.004861432,
2010-08-04,92.70037842,0.007195017,
2010-08-05,92.59406281,-0.001146874,
2010-08-06,92.20165253,-0.004237964,
2010-08-09,92.70037842,0.005409078,
2010-08-10,92.23438263,-0.005026903,
2010-08-11,89.6836319,-0.027655096,
2010-08-12,89.11138916,-0.006380682,
2010-08-13,88.85795593,-0.002844005,
2010-08-16,88.8334198,-0.000276128,
2010-08-17,89.90438843,0.01205592,
2010-08-18,90.05973053,0.001727859,
2010-08-19,88.53912354,-0.016884428,
2010-08-20,88.21209717,-0.00369358,
2010-08-23,87.88509369,-0.003707014,
2010-08-24,86.61789703,-0.014418789,
2010-08-25,86.89585876,0.003209057,
2010-08-26,86.33174896,-0.006491792,
2010-08-27,87.65615845,0.015340932,
2010-08-30,86.42169952,-0.014082969,
2010-08-31,86.48709106,0.000756656,
2010-09-01,88.97239685,0.028736147,
2010-09-02,89.81445313,0.009464242,
2010-09-03,90.98352051,0.013016473,
2010-09-07,90.00248718,-0.010782539,
2010-09-08,90.55843353,0.006177011,
2010-09-09,90.99172211,0.00478463,
2010-09-10,91.50673676,0.005660016,
2010-09-13,92.51232147,0.010989188,
2010-09-14,92.43875122,-0.000795248,
2010-09-15,92.78213501,0.003714717,
2010-09-16,92.72485352,-0.000617376,
2010-09-17,92.74124146,0.000176737,
2010-09-20,94.22917175,0.01604389,
2010-09-21,94.00022888,-0.002429639,
2010-09-22,93.58330536,-0.004435346,
2010-09-23,92.81479645,-0.00821203,
2010-09-24,94.65293884,0.019804411,
2010-09-27,94.2172699,-0.004602804,
2010-09-28,94.63652802,0.004449907,
2010-09-29,94.39815521,-0.002518824,
2010-09-30,94.11859131,-0.00296154,
2010-10-01,94.53787231,0.004454816,
2010-10-04,93.83089447,-0.00747825,
2010-10-05,95.68054962,0.019712645,
2010-10-06,95.69698334,0.000171756,
2010-10-07,95.60655975,-0.000944895,
2010-10-08,96.11624908,0.005331113,
2010-10-11,96.22311401,0.00111183,
2010-10-12,96.51908875,0.003075921,
2010-10-13,97.23426056,0.007409641,
2010-10-14,96.98764038,-0.002536351,
2010-10-15,97.10272217,0.001186561,
2010-10-18,97.54663086,0.004571537,
2010-10-19,96.28067017,-0.012978005,
2010-10-20,97.18493652,0.009391982,
2010-10-21,97.4315567,0.002537638,
2010-10-22,97.64528656,0.002193641,
2010-10-25,97.86726379,0.002273302,
2010-10-26,97.93302917,0.000671985,
2010-10-27,97.63705444,-0.003022216,
2010-10-28,97.71105194,0.000757883,
2010-10-29,97.73571777,0.000252436,
2010-11-01,97.76039124,0.000252451,
2010-11-02,98.54135132,0.007988512,
2010-11-03,98.97703552,0.004421334,
2010-11-04,100.810257,0.018521685,
2010-11-05,101.2377396,0.004240467,
2010-11-08,101.0486603,-0.001867676,
2010-11-09,100.2841339,-0.007565923,
2010-11-10,100.7033997,0.004180778,
2010-11-11,100.3334579,-0.003673577,
2010-11-12,99.14144897,-0.011880473,
2010-11-15,99.00993347,-0.001326544,
2010-11-16,97.42331696,-0.016024822,
2010-11-17,97.5219574,0.001012493,
2010-11-18,98.96058655,0.014751849,
2010-11-19,99.18256378,0.002243087,
2010-11-22,99.11679077,-0.000663151,
2010-11-23,97.68637848,-0.014431584,
2010-11-24,99.14967346,0.014979519,
2010-11-26,98.07279205,-0.010861169,
2010-11-29,98.29471588,0.002262848,
2010-11-30,97.66994476,-0.006356101,
2010-12-01,99.79911804,0.021799677,
2010-12-02,101.0733032,0.012767499,
2010-12-03,101.3446121,0.002684279,
2010-12-06,101.221283,-0.001216929,
2010-12-07,101.2952652,0.000730896,
2010-12-08,101.6652069,0.003652113,
2010-12-09,102.1255569,0.004528098,
2010-12-10,102.7010269,0.005634926,
2010-12-13,102.7339096,0.000320179,
2010-12-14,102.8407745,0.001040211,
2010-12-15,102.3886261,-0.004396587,
2010-12-16,102.9147415,0.005138417,
2010-12-17,103.0873795,0.001677485,
2010-12-20,103.2929077,0.001993729,
2010-12-21,103.9341202,0.00620771,
2010-12-22,104.304039,0.003559166,
2010-12-23,104.1603012,-0.001378065,
2010-12-27,104.2181549,0.000555429,
2010-12-28,104.333786,0.00110951,
2010-12-29,104.4329376,0.000950331,
2010-12-30,104.2842102,-0.001424143,
2010-12-31,104.2924728,7.92319E-05,
2011-01-03,105.3415985,0.010059457,
2011-01-04,105.2755203,-0.000627275,
2011-01-05,105.8124695,0.005100418,
2011-01-06,105.6142197,-0.001873596,
2011-01-07,105.424202,-0.001799168,
2011-01-10,105.3168182,-0.001018587,
2011-01-11,105.6720428,0.003372914,
2011-01-12,106.638504,0.009145855,
2011-01-13,106.4898376,-0.001394115,
2011-01-14,107.1507034,0.006205905,
2011-01-18,107.4233246,0.002544278,
2011-01-19,106.3411484,-0.010073941,
2011-01-20,106.2089844,-0.00124283,
2011-01-21,106.4402924,0.002177857,
2011-01-24,107.0681229,0.005898429,
2011-01-25,107.0516052,-0.000154272,
2011-01-26,107.5637817,0.004784389,
2011-01-27,107.8198013,0.002380165,
2011-01-28,105.853775,-0.018234371,
2011-01-31,106.6880722,0.007881601,
2011-02-01,108.4146423,0.016183347,
2011-02-02,108.199852,-0.001981193,
2011-02-03,108.4228897,0.00206135,
2011-02-04,108.7368011,0.002895251,
2011-02-07,109.4224319,0.006305416,
2011-02-08,109.9511185,0.00483161,
2011-02-09,109.6702576,-0.002554416,
2011-02-10,109.7198334,0.000452044,
2011-02-11,110.3641663,0.005872529,
2011-02-14,110.6202316,0.002320186,
2011-02-15,110.2815399,-0.003061752,
2011-02-16,110.9506836,0.006067595,
2011-02-17,111.3224258,0.003350518,
2011-02-18,111.5537033,0.002077546,
2011-02-22,109.3315582,-0.019919958,
2011-02-23,108.6459122,-0.006271255,
2011-02-24,108.579834,-0.000608198,
2011-02-25,109.6867981,0.010194933,
2011-02-28,110.3806686,0.006325926,
2011-03-01,108.579834,-0.016314765,
2011-03-02,108.7532959,0.001597552,
2011-03-03,110.6284943,0.017242681,
2011-03-04,109.8354645,-0.007168404,
2011-03-07,109.0093918,-0.007521001,
2011-03-08,109.9015503,0.008184235,
2011-03-09,109.7611237,-0.001277749,
2011-03-10,107.7537384,-0.018288673,
2011-03-11,108.5633011,0.007513082,
2011-03-14,107.8363495,-0.006696108,
2011-03-15,106.638504,-0.011107993,
2011-03-16,104.6394348,-0.018746223,
2011-03-17,105.9611664,0.012631295,
2011-03-18,106.3824615,0.003975939,
2011-03-21,108.0263748,0.01545286,
2011-03-22,107.6463547,-0.003517846,
2011-03-23,107.9437561,0.002762764,
2011-03-24,108.9928818,0.009719188,
2011-03-25,109.3156891,0.002961728,
2011-03-28,109.0750351,-0.002201459,
2011-03-29,109.8135681,0.006770871,
2011-03-30,110.5355835,0.00657492,
2011-03-31,110.3778763,-0.001426755,
2011-04-01,110.8758011,0.004511092,
2011-04-04,111.0334625,0.001421964,
2011-04-05,110.9089813,-0.001121114,
2011-04-06,111.2741165,0.003292206,
2011-04-07,111.0168762,-0.002311771,
2011-04-08,110.6185684,-0.003587813,
2011-04-11,110.294899,-0.002925996,
2011-04-12,109.4484406,-0.007674502,
2011-04-13,109.4401703,-7.55631E-05,
2011-04-14,109.5314713,0.000834255,
2011-04-15,110.0044479,0.004318181,
2011-04-18,108.7098999,-0.011768143,
2011-04-19,109.3073654,0.005495962,
2011-04-20,110.8840942,0.014424726,
2011-04-21,111.373703,0.0044155,
2011-04-25,111.2907257,-0.000745035,
2011-04-26,112.2201462,0.008351284,
2011-04-27,112.9421234,0.00643358,
2011-04-28,113.3321533,0.003453361,
2011-04-29,113.6391602,0.002708912,
2011-05-02,113.46492,-0.001533275,
2011-05-03,113.0167923,-0.003949483,
2011-05-04,112.2616272,-0.006681884,
2011-05-05,111.307312,-0.008500814,
2011-05-06,111.7056198,0.003578451,
2011-05-09,112.1786499,0.004234613,
2011-05-10,113.1412659,0.008581098,
2011-05-11,111.9711914,-0.010341713,
2011-05-12,112.460762,0.004372291,
2011-05-13,111.6143646,-0.007526157,
2011-05-16,110.9006958,-0.006394059,
2011-05-17,110.8758011,-0.000224478,
2011-05-18,111.888237,0.009131261,
2011-05-19,112.1039581,0.001928005,
2011-05-20,111.2741165,-0.007402429,
2011-05-23,109.9297714,-0.012081382,
2011-05-24,109.8883057,-0.000377202,
2011-05-25,110.2119064,0.002944815,
2011-05-26,110.7513199,0.00489433,
2011-05-27,111.1994247,0.004046045,
2011-05-31,112.2865143,0.009776036,
2011-06-01,109.8135681,-0.022023537,
2011-06-02,109.6725464,-0.001284192,
2011-06-03,108.6103058,-0.009685565,
2011-06-06,107.4651413,-0.010543792,
2011-06-07,107.3655472,-0.000926757,
2011-06-08,106.9257278,-0.004096466,
2011-06-09,107.73069,0.007528236,
2011-06-10,106.2535553,-0.013711364,
2011-06-13,106.3365326,0.000780937,
2011-06-14,107.6725998,0.012564517,
2011-06-15,105.7639465,-0.017726453,
2011-06-16,105.954834,0.001804844,
2011-06-17,106.2950439,0.003210896,
2011-06-20,106.8759384,0.005464925,
2011-06-21,108.2949524,0.013277207,
2011-06-22,107.6393967,-0.006053428,
2011-06-23,107.3434143,-0.002749759,
2011-06-24,106.1261673,-0.011339746,
2011-06-27,107.0182648,0.008406009,
2011-06-28,108.4105835,0.013010104,
2011-06-29,109.4027328,0.009151776,
2011-06-30,110.403244,0.009145212,
2011-07-01,112.012352,0.014574825,
2011-07-05,111.9706802,-0.000372028,
2011-07-06,112.0707016,0.000893282,
2011-07-07,113.3046341,0.011010304,
2011-07-08,112.4291992,-0.007726382,
2011-07-11,110.4615936,-0.017500841,
2011-07-12,109.9363403,-0.004755076,
2011-07-13,110.3281708,0.003564158,
2011-07-14,109.5611725,-0.006951971,
2011-07-15,110.1864624,0.005707222,
2011-07-18,109.2360001,-0.008625945,
2011-07-19,111.0618668,0.016714881,
2011-07-20,111.0035172,-0.000525379,
2011-07-21,112.5209198,0.013669861,
2011-07-22,112.5959549,0.000666855,
2011-07-25,112.0039749,-0.00525756,
2011-07-26,111.5537643,-0.004019595,
2011-07-27,109.2860184,-0.020328727,
2011-07-28,108.9525223,-0.00305159,
2011-07-29,108.2271576,-0.006657622,
2011-08-01,107.7186203,-0.004698796,
2011-08-02,105.0422974,-0.0248455,
2011-08-03,105.5925751,0.00523863,
2011-08-04,100.6068192,-0.047216918,
2011-08-05,100.4067459,-0.001988665,
2011-08-08,93.9036026,-0.064767992,
2011-08-09,98.7392807,0.051496194,
2011-08-10,93.87858582,-0.04922757,
2011-08-11,98.19734192,0.046003634,
2011-08-12,98.86433411,0.006792365,
2011-08-15,100.9069748,0.020661047,
2011-08-16,100.0565643,-0.008427668,
2011-08-17,100.1566315,0.001000106,
2011-08-18,95.75449371,-0.043952534,
2011-08-19,94.31212616,-0.015063184,
2011-08-22,94.31212616,0,
2011-08-23,97.40527344,0.03279692,
2011-08-24,98.80596924,0.014380082,
2011-08-25,97.26355743,-0.015610512,
2011-08-26,98.73093414,0.015086603,
2011-08-29,101.5406418,0.02845823,
2011-08-30,101.7490616,0.002052575,
2011-08-31,102.2492981,0.004916375,
2011-09-01,101.2071304,-0.010192419,
2011-09-02,98.56417847,-0.026114286,
2011-09-06,97.87220001,-0.007020588,
2011-09-07,100.615181,0.02802615,
2011-09-08,99.58969116,-0.010192198,
2011-09-09,96.93006897,-0.026705798,
2011-09-12,97.59705353,0.00688109,
2011-09-13,98.38911438,0.008115623,
2011-09-14,99.77309418,0.014066391,
2011-09-15,101.573967,0.018049684,
2011-09-16,102.1742859,0.005910165,
2011-09-19,101.182106,-0.009710661,
2011-09-20,101.0653915,-0.001153509,
2011-09-21,97.93054199,-0.031018032,
2011-09-22,94.93742371,-0.030563685,
2011-09-23,95.38764191,0.004742263,
2011-09-26,97.74342346,0.024696926,
2011-09-27,98.85005951,0.011321847,
2011-09-28,96.79608154,-0.020778723,
2011-09-29,97.64282227,0.008747676,
2011-09-30,95.31217194,-0.023869141,
2011-10-03,92.43665314,-0.030169481,
2011-10-04,94.36485291,0.020859688,
2011-10-05,96.24277496,0.019900652,
2011-10-06,98.00331116,0.018292658,
2011-10-07,97.30744934,-0.007100391,
2011-10-10,100.5854263,0.033686804,
2011-10-11,100.669281,0.000833666,
2011-10-12,101.4992065,0.008244079,
2011-10-13,101.3315582,-0.00165172,
2011-10-14,103.0669479,0.017125856,
2011-10-17,101.1555328,-0.018545374,
2011-10-18,103.1675491,0.019890324,
2011-10-19,101.8681259,-0.012595271,
2011-10-20,102.3543472,0.004773047,
2011-10-21,104.232254,0.018347113,
2011-10-24,105.5903854,0.013029857,
2011-10-25,103.5364227,-0.019452175,
2011-10-26,104.5843811,0.01012164,
2011-10-27,108.1976852,0.034549176,
2011-10-28,108.1893158,-7.73533E-05,
2011-10-31,105.4646378,-0.025184354,
2011-11-01,102.6645508,-0.026550008,
2011-11-02,104.282547,0.015760028,
2011-11-03,106.1856232,0.01824923,
2011-11-04,105.5317078,-0.006158229,
2011-11-07,106.1772537,0.006117081,
2011-11-08,107.5605087,0.01302779,
2011-11-09,103.595108,-0.036866697,
2011-11-10,104.6011429,0.00971122,
2011-11-11,106.5544968,0.018674307,
2011-11-14,105.5317078,-0.009598741,
2011-11-15,106.1185608,0.005560917,
2011-11-16,104.3579941,-0.016590563,
2011-11-17,102.6980896,-0.015905868,
2011-11-18,102.5639343,-0.001306307,
2011-11-21,100.6441422,-0.018718004,
2011-11-22,100.2417068,-0.003998596,
2011-11-23,98.02845764,-0.022079125,
2011-11-25,97.78536224,-0.002479845,
2011-11-28,100.6357193,0.029149118,
2011-11-29,100.9962234,0.003582268,
2011-11-30,105.1292877,0.040922959,
2011-12-01,105.0957718,-0.000318807,
2011-12-02,105.0789948,-0.000159636,
2011-12-05,106.1604767,0.010292085,
2011-12-06,106.2191315,0.000552511,
2011-12-07,106.5544968,0.003157297,
2011-12-08,104.299324,-0.021164501,
2011-12-09,106.0179443,0.01647777,
2011-12-12,104.4921265,-0.014392072,
2011-12-13,103.5280533,-0.009226276,
2011-12-14,102.387886,-0.011013123,
2011-12-15,102.7735443,0.00376664,
2011-12-16,102.9328156,0.00154973,
2011-12-19,101.8429489,-0.010588136,
2011-12-20,104.8945618,0.029963909,
2011-12-21,105.0622406,0.001598546,
2011-12-22,106.1166534,0.010036078,
2011-12-23,106.9601898,0.007949142,
2011-12-27,107.0276642,0.000630836,
2011-12-28,105.7370834,-0.012058385,
2011-12-29,106.7408905,0.009493425,
2011-12-30,106.2516479,-0.00458346,
2012-01-03,107.9893036,0.016354152,
2012-01-04,108.0821075,0.000859381,
2012-01-05,108.4363785,0.003277794,
2012-01-06,108.2001648,-0.002178362,
2012-01-09,108.3351212,0.001247284,
2012-01-10,109.313652,0.009032444,
2012-01-11,109.3980255,0.000771848,
2012-01-12,109.6595001,0.002390122,
2012-01-13,109.2377319,-0.003846162,
2012-01-17,109.4486237,0.001930576,
2012-01-18,110.67173,0.011175165,
2012-01-19,111.2959671,0.005640438,
2012-01-20,111.2706604,-0.000227382,
2012-01-23,111.3718643,0.000909529,
2012-01-24,111.2706604,-0.000908703,
2012-01-25,112.1985321,0.008338871,
2012-01-26,111.6249161,-0.005112509,
2012-01-27,111.5574722,-0.000604201,
2012-01-30,111.1694336,-0.003478374,
2012-01-31,111.1525574,-0.000151806,
2012-02-01,112.0889053,0.008423989,
2012-02-02,112.3334885,0.002182046,
2012-02-03,113.9109039,0.014042255,
2012-02-06,113.7674942,-0.001258964,
2012-02-07,114.071167,0.00266924,
2012-02-08,114.4086227,0.002958291,
2012-02-09,114.5688782,0.001400729,
2012-02-10,113.7759781,-0.006920728,
2012-02-13,114.5688782,0.006968959,
2012-02-14,114.4423523,-0.001104365,
2012-02-15,113.9362259,-0.004422545,
2012-02-16,115.1593628,0.010735277,
2012-02-17,115.4376831,0.002416827,
2012-02-21,115.5220718,0.000731033,
2012-02-22,115.1340485,-0.003358868,
2012-02-23,115.6823196,0.004762025,
2012-02-24,115.8763275,0.001677075,
2012-02-27,116.1294022,0.002184006,
2012-02-28,116.4499283,0.002760077,
2012-02-29,115.8341904,-0.005287577,
2012-03-01,116.5849152,0.006481029,
2012-03-02,116.2812271,-0.002604866,
2012-03-05,115.8003922,-0.004135104,
2012-03-06,114.0121384,-0.015442554,
2012-03-07,114.8641357,0.007472866,
2012-03-08,115.9944305,0.009840276,
2012-03-09,116.4499283,0.003926893,
2012-03-12,116.4668274,0.000145119,
2012-03-13,118.5672302,0.018034344,
2012-03-14,118.4153748,-0.001280754,
2012-03-15,119.1239166,0.005983529,
2012-03-16,119.2841797,0.001345347,
2012-03-19,119.7734299,0.004101551,
2012-03-20,119.4107742,-0.003027847,
2012-03-21,119.1914291,-0.001836895,
2012-03-22,118.37323,-0.00686458,
2012-03-23,118.7780914,0.003420211,
2012-03-26,120.3727875,0.013425843,
2012-03-27,120.0423431,-0.002745175,
2012-03-28,119.4745712,-0.004729764,
2012-03-29,119.2288742,-0.00205648,
2012-03-30,119.6525345,0.003553336,
2012-04-02,120.5931091,0.007860884,
2012-04-03,120.1355209,-0.00379448,
2012-04-04,118.8560715,-0.010650051,
2012-04-05,118.8814621,0.000213625,
2012-04-09,117.5172577,-0.011475333,
2012-04-10,115.576828,-0.01651187,
2012-04-11,116.3733444,0.006891662,
2012-04-12,118.0341492,0.01427135,
2012-04-13,116.5851746,-0.012275893,
2012-04-16,116.4919891,-0.000799291,
2012-04-17,118.2290115,0.014911089,
2012-04-18,117.8731613,-0.003009838,
2012-04-19,117.1698685,-0.005966522,
2012-04-20,117.2715454,0.000867774,
2012-04-23,116.3224792,-0.008092894,
2012-04-24,116.754631,0.003715118,
2012-04-25,118.3985214,0.014079873,
2012-04-26,119.1865387,0.006655634,
2012-04-27,119.3983612,0.001777235,
2012-04-30,118.8645248,-0.004471053,
2012-05-01,119.6525345,0.006629477,
2012-05-02,119.3390503,-0.002619954,
2012-05-03,118.4493027,-0.007455628,
2012-05-04,116.500473,-0.016452859,
2012-05-07,116.5512848,0.000436151,
2012-05-08,116.0768051,-0.004070995,
2012-05-09,115.3819733,-0.005985966,
2012-05-10,115.6531067,0.002349877,
2012-05-11,115.2633438,-0.003370103,
2012-05-14,114.0685883,-0.010365442,
2012-05-15,113.3991776,-0.005868493,
2012-05-16,112.9755249,-0.003735941,
2012-05-17,111.2978287,-0.014850086,
2012-05-18,110.3403091,-0.008603218,
2012-05-21,112.2129288,0.01697131,
2012-05-22,112.4078217,0.001736813,
2012-05-23,112.4756165,0.000603115,
2012-05-24,112.560318,0.000753066,
2012-05-25,112.323082,-0.002107635,
2012-05-29,113.6703491,0.011994571,
2012-05-30,112.0095825,-0.014610377,
2012-05-31,111.7214966,-0.002571976,
2012-06-01,109.1031876,-0.023436036,
2012-06-04,108.9676285,-0.001242485,
2012-06-05,109.5861816,0.005676485,
2012-06-06,112.1536026,0.023428328,
2012-06-07,112.2976532,0.001284405,
2012-06-08,113.136528,0.007470101,
2012-06-11,112.3061523,-0.007339589,
2012-06-12,113.094162,0.00701662,
2012-06-13,112.3315659,-0.006743019,
2012-06-14,113.4754715,0.010183296,
2012-06-15,114.5600586,0.009557899,
2012-06-18,114.8227234,0.002292813,
2012-06-19,116.0137787,0.010372993,
2012-06-20,115.7753906,-0.002054825,
2012-06-21,113.2468948,-0.021839665,
2012-06-22,114.0471497,0.007066461,
2012-06-25,112.1911774,-0.016273728,
2012-06-26,112.7701187,0.005160311,
2012-06-27,113.8343277,0.009436977,
2012-06-28,113.5618515,-0.002393621,
2012-06-29,116.4224014,0.025189356,
2012-07-02,116.6693115,0.002120813,
2012-07-03,117.4610443,0.006786127,
2012-07-05,116.9246979,-0.004566164,
2012-07-06,115.7413406,-0.010120678,
2012-07-09,115.6476746,-0.000809271,
2012-07-10,114.6686172,-0.008465863,
2012-07-11,114.6260605,-0.000371128,
2012-07-12,114.0982437,-0.004604684,
2012-07-13,116.03936,0.017012675,
2012-07-16,115.766861,-0.002348333,
2012-07-17,116.550087,0.006765546,
2012-07-18,117.4951248,0.008108427,
2012-07-19,117.7334824,0.002028659,
2012-07-20,116.6437683,-0.00925577,
2012-07-23,115.5029755,-0.009780144,
2012-07-24,114.5409317,-0.008329169,
2012-07-25,114.4983597,-0.000371675,
2012-07-26,116.3543167,0.016209464,
2012-07-27,118.6189194,0.019462988,
2012-07-30,118.5422821,-0.00064608,
2012-07-31,117.8697128,-0.005673666,
2012-08-01,117.6228409,-0.002094448,
2012-08-02,116.8055191,-0.006948666,
2012-08-03,119.0786591,0.019460895,
2012-08-06,119.3595581,0.002358937,
2012-08-07,119.9640503,0.005064464,
2012-08-08,120.1343231,0.001419365,
2012-08-09,120.2108994,0.000637422,
2012-08-10,120.3642273,0.001275491,
2012-08-13,120.313118,-0.000424622,
2012-08-14,120.3812027,0.000565896,
2012-08-15,120.5174332,0.001131659,
2012-08-16,121.3687973,0.007064241,
2012-08-17,121.5646133,0.001613397,
2012-08-20,121.5986252,0.000279784,
2012-08-21,121.2070236,-0.003220444,
2012-08-22,121.2325363,0.000210489,
2012-08-23,120.2620316,-0.008005316,
2012-08-24,121.0367584,0.006441991,
2012-08-27,120.985672,-0.000422074,
2012-08-28,120.8579407,-0.001055756,
2012-08-29,120.9771957,0.000986738,
2012-08-30,120.1087875,-0.00717828,
2012-08-31,120.7898788,0.00567062,
2012-09-04,120.2790604,-0.004228984,
2012-09-05,120.4492874,0.001415268,
2012-09-06,122.8927078,0.020285885,
2012-09-07,123.4460678,0.004502789,
2012-09-10,122.6798248,-0.006207107,
2012-09-11,122.9863586,0.002498649,
2012-09-12,123.4801254,0.004014809,
2012-09-13,125.4297333,0.015788839,
2012-09-14,125.8979721,0.003733077,
2012-09-17,125.5063705,-0.003110468,
2012-09-18,125.3871689,-0.000949766,
2012-09-19,125.4807816,0.000746589,
2012-09-20,125.4297333,-0.000406821,
2012-09-21,125.2934799,-0.001086292,
2012-09-24,125.1658325,-0.001018787,
2012-09-25,123.9143372,-0.009998698,
2012-09-26,123.2038727,-0.005733513,
2012-09-27,124.3851547,0.009588027,
2012-09-28,123.6061783,-0.006262616,
2012-10-01,124.0513077,0.00360119,
2012-10-02,124.2310638,0.001449047,
2012-10-03,124.6847229,0.003651736,
2012-10-04,125.6691055,0.007894974,
2012-10-05,125.5749741,-0.000749042,
2012-10-08,125.1641159,-0.003271816,
2012-10-09,123.9827881,-0.009438231,
2012-10-10,123.2038727,-0.006282448,
2012-10-11,123.2808914,0.000625132,
2012-10-12,122.7587204,-0.00423562,
2012-10-15,123.777359,0.008297892,
2012-10-16,125.1469879,0.011065262,
2012-10-17,125.643425,0.003966832,
2012-10-18,125.3780823,-0.002111871,
2012-10-19,123.1439896,-0.017818846,
2012-10-22,123.2808914,0.001111722,
2012-10-23,121.5089798,-0.014372962,
2012-10-24,121.2008209,-0.0025361,
2012-10-25,121.568924,0.003037133,
2012-10-26,121.4918518,-0.000633979,
2012-10-31,121.1066437,-0.00317065,
2012-11-01,122.8015594,0.013995234,
2012-11-02,121.6373978,-0.009480024,
2012-11-05,121.9027405,0.002181424,
2012-11-06,122.8443375,0.007724166,
2012-11-07,120.0537872,-0.022716149,
2012-11-08,118.6242447,-0.011907517,
2012-11-09,118.6413956,0.000144582,
2012-11-12,118.8725052,0.001947968,
2012-11-13,118.4016724,-0.003960822,
2012-11-14,116.9122543,-0.012579366,
2012-11-15,116.6554794,-0.002196304,
2012-11-16,117.1348038,0.004108888,
2012-11-19,119.6172409,0.021192993,
2012-11-20,119.6600189,0.000357624,
2012-11-21,119.9082565,0.002074524,
2012-11-23,121.4062729,0.012493021,
2012-11-26,121.3634415,-0.000352794,
2012-11-27,120.6358566,-0.005995091,
2012-11-28,121.5603104,0.007663175,
2012-11-29,122.1595306,0.004929407,
2012-11-30,122.1595306,0,
2012-12-03,121.5860291,-0.004694694,
2012-12-04,121.3806305,-0.001689327,
2012-12-05,121.6031189,0.001832981,
2012-12-06,121.9797821,0.00309748,
2012-12-07,122.4077835,0.00350879,
2012-12-10,122.5190811,0.000909236,
2012-12-11,123.2295303,0.005798682,
2012-12-12,123.4007339,0.001389307,
2012-12-13,122.6303406,-0.006243021,
2012-12-14,122.2023544,-0.003490051,
2012-12-17,123.5548172,0.011067404,
2012-12-18,125.0186005,0.011847238,
2012-12-19,124.0795441,-0.007511333,
2012-12-20,124.7687454,0.005554512,
2012-12-21,123.6315918,-0.00911409,
2012-12-24,123.2439194,-0.003135707,
2012-12-26,122.6667328,-0.004683287,
2012-12-27,122.5461502,-0.00098301,
2012-12-28,121.1591568,-0.011318131,
2012-12-31,123.3128281,0.017775555,
2013-01-02,126.3194199,0.024381825,
2013-01-03,126.1557236,-0.001295892,
2013-01-04,126.7759628,0.004916458,6.52585E-05
2013-01-07,126.3797226,-0.003125515,6.53305E-05
2013-01-08,126.035141,-0.002726558,6.53601E-05
2013-01-09,126.3710938,0.002665548,6.53736E-05
2013-01-10,127.3273468,0.007567024,6.53884E-05
2013-01-11,127.3876648,0.000473724,6.5299E-05
2013-01-14,127.2756805,-0.000879082,6.52991E-05
2013-01-15,127.3273468,0.00040594,6.52959E-05
2013-01-16,127.2756805,-0.000405775,6.52161E-05
2013-01-17,128.1371613,0.00676862,6.52138E-05
2013-01-18,128.473175,0.002622298,6.49207E-05
2013-01-22,129.1020203,0.004894759,6.4836E-05
2013-01-23,129.3432312,0.001868375,6.49062E-05
2013-01-24,129.3776855,0.000266379,6.4912E-05
2013-01-25,130.0151672,0.004927292,6.49031E-05
2013-01-28,130.0151672,0,6.47398E-05
2013-01-29,130.4459381,0.003313236,6.461E-05
2013-01-30,129.9634857,-0.003698485,6.46321E-05
2013-01-31,129.618927,-0.002651196,6.46395E-05
2013-02-01,130.9714355,0.010434499,6.46804E-05
2013-02-04,129.5413666,-0.010918938,6.48211E-05
2013-02-05,130.7388458,0.009243991,6.53425E-05
2013-02-06,130.9111786,0.001318145,6.49199E-05
2013-02-07,130.7560577,-0.001184932,6.49085E-05
2013-02-08,131.4194183,0.005073269,6.49037E-05
2013-02-11,131.3763275,-0.000327888,6.49615E-05
2013-02-12,131.6692352,0.002229532,6.49622E-05
2013-02-13,131.7554016,0.000654415,6.47477E-05
2013-02-14,131.9104309,0.001176645,6.45862E-05
2013-02-15,131.7640228,-0.001109905,6.4576E-05
2013-02-19,132.6685638,0.006864856,6.44871E-05
2013-02-20,130.9972534,-0.012597637,6.42343E-05
2013-02-21,130.2391357,-0.005787279,6.4911E-05
2013-02-22,131.4883118,0.009591403,6.50695E-05
2013-02-25,129.0244598,-0.018738182,6.53358E-05
2013-02-26,129.9031982,0.006810634,6.67407E-05
2013-02-27,131.4883118,0.012202267,6.68948E-05
2013-02-28,131.3763275,-0.000851667,6.74284E-05
2013-03-01,131.7037048,0.002491905,6.74159E-05
2013-03-04,132.3584137,0.004971074,6.72964E-05
2013-03-05,133.5558319,0.009046786,6.7234E-05
2013-03-06,133.831543,0.002064388,6.74809E-05
2013-03-07,134.0641479,0.001738043,6.74002E-05
2013-03-08,134.6327362,0.004241166,6.63739E-05
2013-03-11,135.0979462,0.0034554,6.62404E-05
2013-03-12,134.7792053,-0.002359332,6.59354E-05
2013-03-13,134.96875,0.001406335,6.59276E-05
2013-03-14,135.7268524,0.005616874,6.59292E-05
2013-03-15,135.5717621,-0.001142665,6.48181E-05
2013-03-18,134.7533569,-0.006036693,6.48161E-05
2013-03-19,134.5294037,-0.001661949,6.48711E-05
2013-03-20,135.3908386,0.006403321,6.48873E-05
2013-03-21,134.2709351,-0.008271635,6.49742E-05
2013-03-22,135.3219147,0.007827305,6.52315E-05
2013-03-25,134.8744354,-0.003306776,6.54222E-05
2013-03-26,135.9044495,0.007636837,6.52626E-05
2013-03-27,135.8092041,-0.000700826,6.54295E-05
2013-03-28,136.2073822,0.002931893,6.47742E-05
2013-04-01,135.7572784,-0.003304547,6.47547E-05
2013-04-02,136.3977966,0.004718113,6.4703E-05
2013-04-03,135.0648651,-0.009772383,6.47449E-05
2013-04-04,135.5842133,0.003845176,6.51326E-05
2013-04-05,135.0042114,-0.004277798,6.49615E-05
2013-04-08,135.8352051,0.006155317,6.4979E-05
2013-04-09,136.3372192,0.003695759,6.4607E-05
2013-04-10,138.04245,0.012507448,6.46453E-05
2013-04-11,138.4925385,0.003260508,6.46243E-05
2013-04-12,138.1290131,-0.002624873,6.34681E-05
2013-04-15,134.9696045,-0.022872882,6.33619E-05
2013-04-16,136.9344635,0.014557789,6.48245E-05
2013-04-17,134.8744354,-0.015043898,6.49358E-05
2013-04-18,134.0953979,-0.00577602,6.59082E-05
2013-04-19,135.1773682,0.00806866,6.52502E-05
2013-04-22,135.8957977,0.005314718,6.54243E-05
2013-04-23,137.2806854,0.010190806,6.5341E-05
2013-04-24,137.272049,-6.29111E-05,6.57041E-05
2013-04-25,137.9212189,0.004729076,6.53998E-05
2013-04-26,137.6269989,-0.002133247,6.54283E-05
2013-04-29,138.5790405,0.00691755,6.47425E-05
2013-04-30,138.8820496,0.002186543,6.47553E-05
2013-05-01,137.713501,-0.008413964,6.47597E-05
2013-05-02,138.9599152,0.009050777,6.49818E-05
2013-05-03,140.3362274,0.009904383,6.51211E-05
2013-05-06,140.7084198,0.002652148,6.54193E-05
2013-05-07,141.4268494,0.005105804,6.51696E-05
2013-05-08,142.093338,0.004712603,6.40641E-05
2013-05-09,141.7125244,-0.002680024,6.41241E-05
2013-05-10,142.1539459,0.003114908,6.40776E-05
2013-05-13,142.2750854,0.000852171,6.39122E-05
2013-05-14,143.7985229,0.01070769,6.39033E-05
2013-05-15,144.52565,0.005056568,6.42155E-05
2013-05-16,143.8331604,-0.004791465,6.37733E-05
2013-05-17,145.2440643,0.009809309,6.37191E-05
2013-05-20,145.2786865,0.000238373,6.39383E-05
2013-05-21,145.460434,0.001251026,6.2932E-05
2013-05-22,144.369812,-0.007497722,6.2556E-05
2013-05-23,143.9456635,-0.002937931,6.18438E-05
2013-05-24,143.8158417,-0.00090188,6.19044E-05
2013-05-28,144.6987457,0.006139129,6.19183E-05
2013-05-29,143.7206573,-0.006759481,6.20224E-05
2013-05-30,144.2919006,0.003974678,6.22247E-05
2013-05-31,142.2145538,-0.014396836,6.17782E-05
2013-06-03,142.9675903,0.005295073,6.17518E-05
2013-06-04,142.3184509,-0.004540465,6.17746E-05
2013-06-05,140.2582855,-0.014475744,5.95102E-05
2013-06-06,141.5393677,0.009133736,6.04509E-05
2013-06-07,143.3570862,0.012842494,6.06262E-05
2013-06-10,143.3397522,-0.000120915,5.91833E-05
2013-06-11,141.928894,-0.009842756,5.9188E-05
2013-06-12,140.7430267,-0.008355362,5.94852E-05
2013-06-13,142.881012,0.015190701,5.95563E-05
2013-06-14,141.9721069,-0.006361272,6.02179E-05
2013-06-17,143.1320648,0.008170322,6.0195E-05
2013-06-18,144.1793976,0.007317248,6.00632E-05
2013-06-19,142.2924805,-0.013087287,5.99295E-05
2013-06-20,138.6743317,-0.025427547,6.07032E-05
2013-06-21,139.0984344,0.003058264,6.30827E-05
2013-06-24,137.3153229,-0.012819063,6.30724E-05
2013-06-25,138.6743317,0.009896993,6.17707E-05
2013-06-26,140.0384216,0.009836644,6.19439E-05
2013-06-27,140.8562164,0.005839789,6.10949E-05
2013-06-28,139.9601288,-0.006361719,6.11197E-05
2013-07-01,141.1172028,0.008267169,6.10376E-05
2013-07-02,140.8909302,-0.001603437,6.12127E-05
2013-07-03,141.0388947,0.001050206,5.8875E-05
2013-07-05,142.5961609,0.011041396,5.88682E-05
2013-07-08,143.3790283,0.005490102,5.91435E-05
2013-07-09,144.4056702,0.007160335,5.91147E-05
2013-07-10,144.4665375,0.000421502,5.87901E-05
2013-07-11,146.5544586,0.014452628,5.87792E-05
2013-07-12,146.5022888,-0.000355976,5.91502E-05
2013-07-15,147.1547699,0.004453726,5.915E-05
2013-07-16,146.5370789,-0.00419756,5.90706E-05
2013-07-17,146.850235,0.002137044,5.81569E-05
2013-07-18,147.685379,0.005687046,5.81185E-05
2013-07-19,148.024704,0.00229762,5.80734E-05
2013-07-22,148.259613,0.001586958,5.7877E-05
2013-07-23,147.9551392,-0.002053654,5.7874E-05
2013-07-24,147.4331512,-0.003528015,5.74942E-05
2013-07-25,147.7115021,0.00188798,5.71135E-05
2013-07-26,147.9116364,0.0013549,5.67681E-05
2013-07-29,147.4766235,-0.002941032,5.67605E-05
2013-07-30,147.4505463,-0.000176823,5.59024E-05
2013-07-31,147.5027161,0.000353812,5.45394E-05
2013-08-01,149.2426605,0.011796016,5.45311E-05
2013-08-02,149.5123291,0.001806914,5.48273E-05
2013-08-05,149.3644409,-0.000989137,5.47925E-05
2013-08-06,148.5727234,-0.005300576,5.45568E-05
2013-08-07,147.9898834,-0.003922927,5.33489E-05
2013-08-08,148.5031738,0.003468415,5.34329E-05
2013-08-09,148.0943146,-0.002753202,5.33898E-05
2013-08-12,147.868103,-0.001527483,5.34409E-05
2013-08-13,148.3987732,0.003588808,5.34633E-05
2013-08-14,147.607132,-0.005334554,5.34924E-05
2013-08-15,145.4844055,-0.014380921,5.36383E-05
2013-08-16,145.0407257,-0.003049673,5.45577E-05
2013-08-19,144.109848,-0.006418043,5.46155E-05
2013-08-20,144.7970886,0.004768866,5.46601E-05
2013-08-21,143.901062,-0.006188154,5.47223E-05
2013-08-22,145.2060089,0.009068362,5.49112E-05
2013-08-23,145.7540588,0.003774292,5.51267E-05
2013-08-26,145.1799011,-0.003939223,5.51619E-05
2013-08-27,142.8397217,-0.01611917,5.49434E-05
2013-08-28,143.3269348,0.003410908,5.5945E-05
2013-08-29,143.5791626,0.001759807,5.59694E-05
2013-08-30,143.0224304,-0.003877528,5.59614E-05
2013-09-03,143.7357483,0.004987455,5.60448E-05
2013-09-04,144.9276123,0.00829205,5.58688E-05
2013-09-05,145.0755157,0.001020533,5.5999E-05
2013-09-06,145.1886139,0.000779581,5.58999E-05
2013-09-09,146.6327667,0.009946736,5.58983E-05
2013-09-10,147.65065,0.006941718,5.47149E-05
2013-09-11,148.1464691,0.003358056,5.48118E-05
2013-09-12,147.842041,-0.002054913,5.46453E-05
2013-09-13,148.0507813,0.001411914,5.46652E-05
2013-09-16,149.0251923,0.0065816,5.46246E-05
2013-09-17,149.6254425,0.004027844,5.38577E-05
2013-09-18,151.3827667,0.011744822,5.38651E-05
2013-09-19,151.1826782,-0.001321739,5.4288E-05
2013-09-20,150.0430298,-0.007538221,5.42937E-05
2013-09-23,149.4166565,-0.004174624,5.45678E-05
2013-09-24,149.0888367,-0.002193998,5.46585E-05
2013-09-25,148.6604767,-0.002873186,5.46794E-05
2013-09-26,149.1237793,0.003116515,5.47187E-05
2013-09-27,148.485611,-0.004279454,5.42819E-05
2013-09-30,147.6550598,-0.005593479,5.4215E-05
2013-10-01,148.8527832,0.008111631,5.4063E-05
2013-10-02,148.625473,-0.00152708,5.40842E-05
2013-10-03,147.3491669,-0.008587398,5.40728E-05
2013-10-04,148.4331512,0.007356569,5.44164E-05
2013-10-07,147.1655273,-0.008540032,5.45578E-05
2013-10-08,145.48703,-0.011405506,5.46903E-05
2013-10-09,145.5482178,0.000420572,5.52603E-05
2013-10-10,148.7391205,0.021923338,5.52001E-05
2013-10-11,149.6658173,0.00623035,5.65872E-05
2013-10-14,150.3389282,0.004497426,5.6507E-05
2013-10-15,149.1237793,-0.00808273,5.6561E-05
2013-10-16,151.2743378,0.014421298,5.67747E-05
2013-10-17,152.2447052,0.00641462,5.72891E-05
2013-10-18,153.2763367,0.00677614,5.69956E-05
2013-10-21,153.302536,0.000170929,5.70976E-05
2013-10-22,154.1243134,0.005360494,5.70649E-05
2013-10-23,153.5298615,-0.003856964,5.57526E-05
2013-10-24,154.0368652,0.003302314,5.58431E-05
2013-10-25,154.7275543,0.004483921,5.49314E-05
2013-10-28,154.9023285,0.001129561,5.49307E-05
2013-10-29,155.820282,0.005926015,5.49141E-05
2013-10-30,155.0597229,-0.004881002,5.49999E-05
2013-10-31,154.4652252,-0.003833992,5.50686E-05
2013-11-01,154.9198303,0.00294309,5.44856E-05
2013-11-04,155.4443817,0.003385954,5.40664E-05
2013-11-05,155.0072784,-0.002811959,5.40836E-05
2013-11-06,155.7503357,0.004793693,5.39592E-05
2013-11-07,153.7833252,-0.012629254,5.17738E-05
2013-11-08,155.8727264,0.013586657,5.18505E-05
2013-11-11,155.8727264,0,5.24693E-05
2013-11-12,155.5230713,-0.002243209,5.24715E-05
2013-11-13,156.7294769,0.007757085,5.24138E-05
2013-11-14,157.6648712,0.005968209,5.18361E-05
2013-11-15,158.3380432,0.004269638,5.18801E-05
2013-11-18,157.8135071,-0.003312761,5.18839E-05
2013-11-19,157.4287872,-0.002437813,5.03683E-05
2013-11-20,156.930542,-0.003164893,5.04165E-05
2013-11-21,158.1456909,0.007743228,5.04856E-05
,,,
,,,
,,,
,,,
,,,
,,,
,,,
,,,
,,,
,,,
,,,
,,,
,,,
,,,
,,,
,,,
,,,
,,,
,,,
,,,
,,,
,,,
,,,
,,,
,,,
,,,
,,,
,,,
,,,
,,,
,,,
,,,
,,,
,,,
,,,
,,,
,,,
,,,
,,,
,,,
,,,
,,,
,,,
,,,
,,,
,,,
,,,
,,,
,,,
,,,
,,,
,,,
,,,
,,,
,,,
,,,
,,,
,,,
,,,
,,,
,,,
,,,
,,,
,,,
,,,
,,,
,,,
,,,
,,,
,,,
,,,
,,,
,,,
,,,
,,,
,,,
,,,
,,,
,,,
,,,
,,,
,,,
,,,
,,,
,,,
,,,
,,,
,,,
,,,
,,,
,,,
,,,
,,,
,,,
,,,
,,,
,,,
,,,
,,,
,,,
,,,
,,,
,,,
,,,
,,,
,,,
,,,
,,,
,,,
,,,
,,,
,,,
,,,
,,,
,,,
,,,
,,,
,,,
,,,
,,,
,,,
,,,
,,,
,,,
,,,
,,,
,,,
,,,
,,,
,,,
,,,
,,,
,,,
,,,
,,,
,,,
,,,
,,,
,,,
,,,
,,,
,,,
,,,
,,,
,,,
,,,
,,,
,,,
,,,
,,,
,,,
,,,
,,,
,,,
,,,
,,,
,,,
,,,
,,,
,,,
,,,
,,,
,,,
,,,
,,,
,,,
,,,
,,,
,,,
,,,
,,,
,,,
,,,
,,,
,,,
,,,
,,,
,,,
,,,
,,,
,,,
,,,
,,,
,,,
,,,
,,,
,,,
,,,
,,,
,,,
,,,
,,,
,,,
,,,
,,,
,,,
,,,
,,,
,,,
,,,
,,,
,,,
,,,
,,,
,,,
,,,
,,,
,,,
,,,
,,,
,,,
,,,
,,,
,,,
,,,
,,,
,,,
,,,
,,,
,,,
,,,
,,,
,,,
,,,
,,,
,,,
,,,
,,,
,,,
,,,
,,,
,,,
,,,
,,,
,,,
,,,
,,,
,,,
,,,
,,,
,,,
,,,
,,,
,,,
,,,
,,,
,,,
,,,
,,,
,,,
,,,
,,,
,,,
,,,
,,,
,,,
,,,
,,,
,,,
,,,
,,,
,,,
,,,
,,,
,,,
,,,
,,,
,,,
,,,
,,,
,,,
,,,
,,,
,,,
,,,
,,,
,,,
,,,
,,,
,,,
,,,
,,,
,,,
,,,
,,,
,,,
,,,
,,,
,,,
,,,
,,,
,,,
,,,
,,,
,,,
,,,
,,,
,,,
,,,
,,,
,,,
,,,
,,,
,,,
,,,
,,,
,,,
,,,
,,,
,,,
,,,
,,,
,,,
,,,
,,,
,,,
,,,
,,,
,,,
,,,
,,,
,,,
,,,
,,,
,,,
,,,
,,,
,,,
,,,
,,,
,,,
,,,
,,,
,,,
,,,
,,,
,,,
,,,
,,,
,,,
,,,
,,,
,,,
,,,
,,,
,,,
,,,
,,,
,,,
,,,
,,,
,,,
,,,
,,,
,,,
,,,
,,,
,,,
,,,
,,,
,,,
,,,
,,,
,,,
,,,
,,,
,,,
,,,
,,,
,,,
,,,
,,,
,,,
,,,
,,,
,,,
,,,
,,,
,,,
,,,
,,,
,,,
,,,
,,,
,,,
,,,
,,,
,,,
,,,
,,,
,,,
,,,
,,,
,,,
,,,
,,,
,,,
,,,
,,,
,,,
,,,
,,,
,,,
,,,
,,,
,,,
,,,
,,,
,,,
,,,
,,,
,,,
,,,
,,,
,,,
,,,
,,,
,,,
,,,
,,,
,,,
,,,
,,,
,,,
,,,
,,,
,,,
,,,
,,,
,,,
,,,
,,,
,,,
,,,
,,,
,,,
,,,
,,,
,,,
,,,
,,,
,,,
,,,
,,,
,,,
,,,
,,,
,,,
,,,
,,,
,,,
,,,
,,,
,,,
,,,
,,,
,,,
,,,
,,,
,,,
,,,
,,,
,,,
,,,
,,,
,,,
,,,
,,,
,,,
,,,
,,,
,,,
,,,
,,,
,,,
,,,
,,,
,,,
,,,
,,,
,,,
,,,
,,,
,,,
,,,
,,,
,,,
,,,
,,,
,,,
,,,
,,,
,,,
,,,
,,,
,,,
,,,
,,,
,,,
,,,
,,,
,,,
,,,
,,,
,,,
,,,
,,,
,,,
,,,
,,,
,,,
,,,
,,,
,,,
,,,
,,,
,,,
,,,
,,,
,,,
,,,
,,,
,,,
,,,
,,,
,,,
,,,
,,,
,,,
,,,
,,,
,,,
,,,
,,,
,,,
,,,
,,,
,,,
,,,
,,,
,,,
,,,
,,,
,,,
,,,
,,,
,,,
,,,
,,,
,,,
,,,
,,,
,,,
,,,
,,,
,,,
,,,
,,,
,,,
,,,
,,,
,,,
,,,
,,,
,,,
,,,
,,,
,,,
,,,
,,,
,,,
,,,
,,,
,,,
,,,
,,,
,,,
,,,
,,,
,,,
,,,
,,,
,,,
,,,
,,,
,,,
,,,
,,,
,,,
,,,
,,,
,,,
,,,
,,,
,,,
,,,
,,,
,,,
,,,
,,,
,,,
,,,
,,,
,,,
,,,
,,,
,,,
,,,
,,,
,,,
,,,
,,,
,,,
,,,
,,,
,,,
,,,
,,,
,,,
,,,
,,,
,,,
,,,
,,,
,,,
,,,
,,,
,,,
,,,
,,,
,,,
,,,
,,,
,,,
,,,
,,,
,,,
,,,
,,,
,,,
,,,
,,,
,,,
,,,
,,,
,,,
,,,
,,,
,,,
,,,
,,,
,,,
,,,
,,,
,,,
,,,
,,,
,,,
,,,
,,,
,,,
,,,
,,,
,,,
,,,
,,,
,,,
,,,
,,,
,,,
,,,
,,,
,,,
,,,
,,,
,,,
,,,
,,,
,,,
,,,
,,,
,,,
,,,
,,,
,,,
,,,
,,,
,,,
,,,
,,,
,,,
,,,
,,,
,,,
,,,
,,,
,,,
,,,
,,,
,,,
,,,
,,,
,,,
,,,
,,,
,,,
,,,
,,,
,,,
,,,
,,,
,,,
,,,
,,,
,,,
,,,
,,,
,,,
,,,
,,,
,,,
,,,
,,,
,,,
,,,
,,,
,,,
,,,
,,,
,,,
,,,
,,,
,,,
,,,
,,,
,,,
,,,
,,,
,,,
,,,
,,,
,,,
,,,
,,,
,,,
,,,
,,,
,,,
,,,
,,,
,,,
,,,
,,,
,,,
,,,
,,,
,,,
,,,
,,,
,,,
,,,
,,,
,,,
,,,
,,,
,,,
,,,
,,,
,,,
,,,
,,,
,,,
,,,
,,,
,,,
,,,
,,,
,,,
,,,
,,,
,,,
,,,
,,,
,,,
,,,
,,,
,,,
,,,
,,,
,,,
,,,
,,,
,,,
,,,
,,,
,,,
,,,
,,,
,,,
,,,
,,,
,,,
,,,
,,,
,,,
,,,
,,,
,,,
,,,
,,,
,,,
,,,
,,,
,,,
,,,
,,,
,,,
,,,
,,,
,,,
,,,
,,,
,,,
,,,
,,,
,,,
,,,
,,,
,,,
,,,
,,,
,,,
,,,
,,,
,,,
,,,
,,,
,,,
,,,
,,,
,,,
,,,
,,,
,,,
,,,
,,,
,,,
,,,
,,,
,,,
,,,
,,,
,,,
,,,
,,,
,,,
,,,
,,,
,,,
,,,
,,,
,,,
,,,
,,,
,,,
,,,
,,,
,,,
,,,
,,,
,,,
,,,
,,,
,,,
,,,
,,,
,,,
,,,
,,,
,,,
,,,
,,,
,,,
,,,
,,,
,,,
,,,
,,,
,,,
,,,
,,,
,,,
,,,
,,,
,,,
,,,
,,,
,,,
,,,
,,,
,,,
,,,
,,,
,,,
,,,
,,,
,,,
,,,
,,,
,,,
,,,
,,,
,,,
,,,
,,,
,,,
,,,
,,,
,,,
,,,
,,,
,,,
,,,
,,,
,,,
,,,
,,,
,,,
,,,
,,,
,,,
,,,
,,,
,,,
,,,
,,,
,,,
,,,
,,,
,,,
,,,
,,,
,,,
,,,
,,,
,,,
,,,
,,,
,,,
,,,
,,,
,,,
,,,
,,,
,,,
,,,
,,,
,,,
,,,
,,,
,,,
,,,
,,,
,,,
,,,
,,,
,,,
,,,
,,,
,,,
,,,
,,,
,,,
,,,
,,,
,,,
,,,
,,,
,,,
,,,
,,,
,,,
,,,
,,,
,,,
,,,
,,,
,,,
,,,
,,,
,,,
,,,
,,,
,,,
,,,
,,,
,,,
,,,
,,,
,,,
,,,
,,,
,,,
,,,
,,,
,,,
,,,
,,,
,,,
,,,
,,,
,,,
,,,
,,,
,,,
,,,
,,,
,,,
,,,
,,,
,,,
,,,
,,,
,,,
,,,
,,,
,,,
,,,
,,,
,,,
,,,
,,,
,,,
,,,
,,,
,,,
,,,
,,,
,,,
,,,
,,,
,,,
,,,
,,,
,,,
,,,
,,,
,,,
,,,
,,,
,,,
,,,
,,,
,,,
,,,
,,,
,,,
,,,
,,,
,,,
,,,
,,,
,,,
,,,
,,,
,,,
,,,
,,,
,,,
,,,
,,,
,,,
,,,
,,,
,,,
,,,
,,,
,,,
,,,
,,,
,,,
,,,
,,,
,,,
,,,
,,,
,,,
,,,
,,,
,,,
,,,
,,,
,,,
,,,
,,,
,,,
,,,
,,,
,,,
,,,
,,,
,,,
,,,
,,,
,,,
,,,
,,,
,,,
,,,
,,,
,,,
,,,
,,,
,,,
,,,
,,,
,,,
,,,
,,,
,,,
,,,
,,,
,,,
,,,
,,,
,,,
,,,
,,,
,,,
,,,
,,,
,,,
,,,
,,,
,,,
,,,
,,,
,,,
,,,
,,,
,,,
,,,
,,,
,,,
,,,
,,,
,,,
,,,
,,,
,,,
,,,
,,,
,,,
,,,
,,,
,,,
,,,
,,,
,,,
,,,
,,,
,,,
,,,
,,,
,,,
,,,
,,,
,,,
,,,
,,,
,,,
,,,
,,,
,,,
,,,
,,,
,,,
,,,
,,,
,,,
,,,
,,,
,,,
,,,
,,,
,,,
,,,
,,,
,,,
,,,
,,,
,,,
,,,
,,,
,,,
,,,
,,,
,,,
,,,
,,,
,,,
,,,
,,,
,,,
,,,
,,,
,,,
,,,
,,,
,,,
,,,
,,,
,,,
,,,
,,,
,,,
,,,
,,,
,,,
,,,
,,,
,,,
,,,
,,,
,,,
,,,
,,,
,,,
,,,
,,,
,,,
,,,
,,,
,,,
,,,
,,,
,,,
,,,
,,,
,,,
,,,
,,,
,,,
,,,
,,,
,,,
,,,
,,,
,,,
,,,
,,,
,,,
,,,
,,,
,,,
,,,
,,,
,,,
,,,
,,,
,,,
,,,
,,,
,,,
,,,
,,,
,,,
,,,
,,,
,,,
,,,
,,,
,,,
,,,
,,,
,,,
,,,
,,,
,,,
,,,
,,,
,,,
,,,
,,,
,,,
,,,
,,,
,,,
,,,
,,,
,,,
,,,
,,,
,,,
,,,
,,,
,,,
,,,
,,,
,,,
,,,
,,,
,,,
,,,
,,,
,,,
,,,
,,,
,,,
,,,
,,,
,,,
,,,
,,,
,,,
,,,
,,,
,,,
,,,
,,,
,,,
,,,
,,,
,,,
,,,
,,,
,,,
,,,
,,,
,,,
,,,
,,,
,,,
,,,
,,,
,,,
,,,
,,,
,,,
,,,
,,,
,,,
,,,
,,,
,,,
,,,
,,,
,,,
,,,
,,,
,,,
,,,
,,,
,,,
,,,
,,,
,,,
,,,
,,,
,,,
,,,
,,,
,,,
,,,
,,,
,,,
,,,
,,,
,,,
,,,
,,,
,,,
,,,
,,,
,,,
,,,
,,,
,,,
,,,
,,,
,,,
,,,
,,,
,,,
,,,
,,,
,,,
,,,
,,,
,,,
,,,
,,,
,,,
,,,
,,,
,,,
,,,
,,,
,,,
,,,
,,,
,,,
,,,
,,,
,,,
,,,
,,,
,,,
,,,
,,,
,,,
,,,
,,,
,,,
,,,
,,,
,,,
,,,
,,,
,,,
,,,
,,,
,,,
,,,
,,,
,,,
,,,
,,,
,,,
,,,
,,,
,,,
,,,
,,,
,,,
,,,
,,,
,,,
,,,
,,,
,,,
,,,
,,,
,,,
,,,
,,,
,,,
,,,
,,,
,,,
,,,
,,,
,,,
,,,
,,,
,,,
,,,
,,,
,,,
,,,
,,,
,,,
,,,
,,,
,,,
,,,
,,,
,,,
,,,
,,,
,,,
,,,
,,,
,,,
,,,
,,,
,,,
,,,
,,,
,,,
,,,
,,,
,,,
,,,
,,,
,,,
,,,
,,,
,,,
,,,
,,,
,,,
,,,
,,,
,,,
,,,
,,,
,,,
,,,
,,,
,,,
,,,
,,,
,,,
,,,
,,,
,,,
,,,
,,,
,,,
,,,
,,,
,,,
,,,
,,,
,,,
,,,
,,,
,,,
,,,
,,,
,,,
,,,
,,,
,,,
,,,
,,,
,,,
,,,
,,,
,,,
,,,
,,,
,,,
,,,
,,,
,,,
,,,
,,,
,,,
,,,
,,,
,,,
,,,
,,,
,,,
,,,
,,,
,,,
,,,
,,,
,,,
,,,
,,,
,,,
,,,
,,,
,,,
,,,
,,,
,,,
,,,
,,,
,,,
,,,
,,,
,,,
,,,
,,,
,,,
,,,
,,,
,,,
,,,
,,,
,,,
,,,
,,,
,,,
,,,
,,,
,,,
,,,
,,,
,,,
,,,
,,,
,,,
,,,
,,,
,,,
,,,
,,,
,,,
,,,
,,,
,,,
,,,
,,,
